ID,Date,Element,Data_Value
CIM00085766,2006-12-21,TMIN,104
CIM00085766,2008-12-04,TMIN,130
CIM00085766,2011-11-23,TMIN,117
CIM00085766,2014-12-21,TMIN,31
CIM00085766,2006-10-28,TMIN,106
CIM00085766,2009-11-03,TMAX,138
CIM00085766,2015-10-22,TMIN,53
CIM00085766,2009-12-21,TMIN,125
CIM00085766,2005-01-05,TMIN,118
CIM00085766,2010-02-07,TMIN,115
CIM00085766,2010-02-27,TMIN,78
CIM00085766,2013-04-01,TMIN,66
CIM00085766,2012-09-23,TMIN,16
CIM00085766,2012-11-29,TMAX,241
CIM00085766,2010-02-10,TMIN,32
CIM00085766,2010-02-08,TMIN,90
CIM00085766,2008-03-16,TMIN,124
CIM00085766,2007-02-06,TMIN,62
CIM00085766,2006-01-03,TMIN,72
CIM00085766,2011-12-16,TMIN,110
CIM00085766,2013-11-06,TMIN,99
CIM00085766,2008-10-18,TMIN,49
CIM00085766,2005-01-14,TMIN,102
CIM00085766,2007-11-09,TMIN,79
CIM00085766,2014-01-22,TMIN,132
CIM00085766,2008-01-29,TMIN,134
CIM00085766,2005-12-14,TMIN,100
CIM00085766,2015-11-17,TMIN,27
CIM00085766,2011-04-20,TMIN,62
CIM00085766,2010-11-04,TMIN,61
CIM00085766,2014-09-13,TMIN,-17
CIM00085766,2015-01-19,TMIN,96
CIM00085766,2013-12-28,TMIN,52
CIM00085766,2007-12-20,TMIN,130
CIM00085766,2012-03-25,TMIN,73
CIM00085766,2014-04-10,TMIN,34
CIM00085766,2015-01-18,TMIN,112
CIM00085766,2013-01-25,TMIN,64
CIM00085766,2014-09-08,TMAX,151
CIM00085766,2007-10-03,TMAX,166
CIM00085766,2010-09-03,TMAX,161
CIM00085766,2013-12-17,TMIN,118
CIM00085766,2005-12-18,TMIN,103
CIM00085766,2007-01-09,TMIN,104
CIM00085766,2005-12-28,TMIN,79
CIM00085766,2009-02-04,TMIN,116
CIM00085766,2009-12-22,TMIN,78
CIM00085766,2008-03-26,TMIN,65
CIM00085766,2010-11-14,TMIN,44
CIM00085766,2008-12-25,TMIN,116
CIM00085766,2007-03-04,TMIN,34
CIM00085766,2015-03-17,TMAX,233
CIM00085766,2005-02-15,TMIN,92
CIM00085766,2010-03-22,TMIN,102
CIM00085766,2014-12-24,TMAX,238
CIM00085766,2015-05-17,TMAX,178
CIM00085766,2009-01-16,TMIN,68
CIM00085766,2006-11-18,TMIN,54
CIM00085766,2008-11-01,TMIN,57
CIM00085766,2007-01-09,TMAX,232
CIM00085766,2015-11-17,TMAX,171
CIM00085766,2006-02-23,TMIN,112
CIM00085766,2008-10-12,TMIN,15
CIM00085766,2009-01-09,TMIN,71
CIM00085766,2008-12-05,TMIN,105
CIM00085766,2012-10-18,TMIN,82
CIM00085766,2012-09-15,TMIN,81
CIM00085766,2005-04-20,TMAX,168
CIM00085766,2013-12-29,TMIN,144
CIM00085766,2011-02-07,TMIN,86
CIM00085766,2010-01-13,TMIN,105
CIM00085766,2010-02-04,TMIN,60
CIM00085766,2011-12-18,TMIN,87
CIM00085766,2007-01-17,TMIN,110
CIM00085766,2015-04-03,TMIN,88
CIM00085766,2010-02-01,TMIN,84
CIM00085766,2015-09-01,TMIN,4
CIM00085766,2011-09-04,TMIN,51
CIM00085766,2014-01-13,TMIN,78
CIM00085766,2014-09-29,TMIN,27
CIM00085766,2013-10-17,TMIN,63
CIM00085766,2012-01-24,TMIN,117
CIM00085766,2015-05-24,TMAX,121
CIM00085766,2015-05-24,TMIN,14
CIM00085766,2011-10-24,TMIN,68
CIM00085766,2010-01-11,TMIN,130
CIM00085766,2010-02-19,TMIN,130
CIM00085766,2010-03-24,TMIN,73
CIM00085766,2005-01-21,TMIN,106
CIM00085766,2014-04-15,TMIN,116
CIM00085766,2015-10-18,TMIN,13
CIM00085766,2009-02-14,TMIN,66
CIM00085766,2007-02-04,TMIN,134
CIM00085766,2012-04-09,TMIN,55
CIM00085766,2011-09-07,TMIN,45
CIM00085766,2015-07-08,TMIN,87
CIM00085766,2005-10-11,TMIN,108
CIM00085766,2011-10-07,TMIN,42
CIM00085766,2006-01-17,TMIN,62
CIM00085766,2014-12-17,TMAX,233
CIM00085766,2014-08-14,TMAX,124
CIM00085766,2015-02-08,TMAX,224
CIM00085766,2012-01-31,TMIN,60
CIM00085766,2015-07-23,TMIN,104
CIM00085766,2011-08-26,TMIN,78
CIM00085766,2013-10-03,TMAX,142
CIM00085766,2012-02-27,TMIN,122
CIM00085766,2012-02-19,TMIN,93
CIM00085766,2015-10-29,TMAX,165
CIM00085766,2008-07-07,TMIN,82
CIM00085766,2013-09-12,TMIN,2
CIM00085766,2014-08-14,TMIN,-15
CIM00085766,2008-12-13,TMIN,99
CIM00085766,2009-01-29,TMIN,70
CIM00085766,2013-07-10,TMAX,130
CIM00085766,2006-01-15,TMIN,76
CIM00085766,2008-07-07,TMAX,116
CIM00085766,2008-12-08,TMIN,132
CIM00085766,2012-09-21,TMIN,70
CIM00085766,2013-10-24,TMIN,12
CIM00085766,2010-11-07,TMIN,84
CIM00085766,2012-11-29,TMIN,78
CIM00085766,2010-11-23,TMIN,54
CIM00085766,2015-10-01,TMIN,77
CIM00085766,2015-02-08,TMIN,51
CIM00085766,2013-11-25,TMIN,32
CIM00085766,2013-10-03,TMIN,83
CIM00085766,2006-12-26,TMIN,126
CIM00085766,2014-12-21,TMAX,160
CIM00085766,2005-02-18,TMIN,112
CIM00085766,2013-10-15,TMIN,77
CIM00085766,2006-01-11,TMIN,81
CIM00085766,2015-12-21,TMIN,104
CIM00085766,2007-01-30,TMIN,66
CIM00085766,2015-01-18,TMAX,301
CIM00085766,2011-04-28,TMIN,49
CIM00085766,2010-12-09,TMIN,99
CIM00085766,2014-01-20,TMIN,122
CIM00085766,2012-11-04,TMIN,23
CIM00085766,2010-12-15,TMIN,68
CIM00085766,2015-12-01,TMIN,98
CIM00085766,2010-04-01,TMIN,116
CIM00085766,2015-11-28,TMIN,24
CIM00085766,2014-12-30,TMAX,204
CIM00085766,2013-01-16,TMIN,98
CIM00085766,2008-03-12,TMIN,42
CIM00085766,2009-11-03,TMIN,66
CIM00085766,2014-12-17,TMIN,53
CIM00085766,2012-01-20,TMIN,127
CIM00085766,2008-04-10,TMAX,184
CIM00085766,2008-04-01,TMIN,27
CIM00085766,2014-12-08,TMIN,73
CIM00085766,2008-04-01,TMAX,206
CIM00085766,2010-01-19,TMIN,77
CIM00085766,2005-08-05,TMAX,102
CIM00085766,2008-02-01,TMIN,119
CIM00085766,2007-11-14,TMIN,6
CIM00085766,2010-12-27,TMIN,141
CIM00085766,2012-09-17,TMIN,67
CIM00085766,2011-08-30,TMIN,23
CIM00085766,2009-12-28,TMIN,125
CIM00085766,2009-12-17,TMIN,87
CIM00085766,2012-03-30,TMIN,33
CIM00085766,2011-10-10,TMIN,18
CIM00085766,2009-01-05,TMIN,125
CIM00085766,2014-03-24,TMAX,237
CIM00085766,2010-03-06,TMIN,103
CIM00085766,2013-02-20,TMIN,58
CIM00085766,2015-01-22,TMAX,257
CIM00085766,2014-11-28,TMIN,50
CIM00085766,2005-11-06,TMIN,36
CIM00085766,2011-09-11,TMIN,86
CIM00085766,2014-03-30,TMIN,53
CIM00085766,2014-10-03,TMIN,41
CIM00085766,2014-12-16,TMIN,60
CIM00085766,2011-09-28,TMIN,101
CIM00085766,2009-01-17,TMIN,82
CIM00085766,2010-12-22,TMIN,86
CIM00085766,2010-01-12,TMIN,86
CIM00085766,2013-01-09,TMIN,72
CIM00085766,2015-03-17,TMIN,127
CIM00085766,2006-12-15,TMIN,120
CIM00085766,2015-12-16,TMIN,86
CIM00085766,2005-01-22,TMIN,102
CIM00085766,2015-11-04,TMIN,61
CIM00085766,2015-03-29,TMAX,225
CIM00085766,2015-06-12,TMIN,49
CIM00085766,2013-12-11,TMIN,141
CIM00085766,2015-12-23,TMIN,45
CIM00085766,2013-10-29,TMIN,78
CIM00085766,2014-12-14,TMAX,235
CIM00085766,2015-02-10,TMIN,24
CIM00085766,2014-11-04,TMIN,5
CIM00085766,2014-05-30,TMIN,69
CIM00085766,2007-12-11,TMIN,22
CIM00085766,2015-02-05,TMIN,62
CIM00085766,2015-09-23,TMIN,57
CIM00085766,2010-03-10,TMIN,63
CIM00085766,2014-11-12,TMIN,35
CIM00085766,2013-03-09,TMIN,154
CIM00085766,2014-03-24,TMIN,69
CIM00085766,2010-10-11,TMIN,63
CIM00085766,2015-06-16,TMIN,80
CIM00085766,2014-08-08,TMAX,120
CIM00085766,2014-12-24,TMIN,102
CIM00085766,2015-05-08,TMAX,169
CIM00085766,2011-09-24,TMIN,109
CIM00085766,2015-10-06,TMIN,33
CIM00085766,2012-01-08,TMIN,150
CIM00085766,2010-01-16,TMIN,97
CIM00085766,2010-02-21,TMIN,58
CIM00085766,2005-02-17,TMIN,140
CIM00085766,2014-01-07,TMIN,63
CIM00085766,2008-02-12,TMIN,110
CIM00085766,2008-11-04,TMIN,100
CIM00085766,2008-12-21,TMIN,52
CIM00085766,2015-10-30,TMAX,155
CIM00085766,2007-01-16,TMIN,90
CIM00085766,2014-11-28,TMAX,172
CIM00085766,2010-02-21,TMAX,216
CIM00085766,2015-10-30,TMIN,14
CIM00085766,2005-10-19,TMIN,50
CIM00085766,2014-02-11,TMIN,94
CIM00085766,2007-10-30,TMIN,45
CIM00085766,2013-01-15,TMIN,135
CIM00085766,2011-01-09,TMIN,78
CIM00085766,2011-09-27,TMIN,94
CIM00085766,2011-10-22,TMIN,22
CIM00085766,2008-01-21,TMIN,76
CIM00085766,2015-05-17,TMIN,110
CIM00085766,2012-12-15,TMIN,104
CIM00085766,2005-11-05,TMIN,37
CIM00085766,2013-10-16,TMIN,91
CIM00085766,2014-04-26,TMIN,70
CIM00085766,2006-11-06,TMIN,50
CIM00085766,2010-03-09,TMIN,54
CIM00085766,2008-11-27,TMIN,129
CIM00085766,2012-12-25,TMIN,84
CIM00085766,2010-05-30,TMIN,20
CIM00085766,2012-10-13,TMIN,56
CIM00085766,2012-04-30,TMAX,196
CIM00085766,2007-12-10,TMIN,44
CIM00085766,2014-08-08,TMIN,18
CIM00085766,2015-12-31,TMIN,79
CIM00085766,2011-09-18,TMIN,-1
CIM00085766,2015-11-19,TMIN,10
CIM00085766,2011-09-21,TMIN,79
CIM00085766,2015-06-12,TMAX,111
CIM00085766,2011-02-24,TMIN,73
CIM00085766,2011-11-24,TMIN,116
CIM00085766,2015-04-17,TMIN,40
CIM00085766,2010-05-22,TMIN,30
CIM00085766,2011-10-02,TMIN,36
CIM00085766,2008-12-11,TMIN,84
CIM00085766,2014-01-26,TMIN,63
CIM00085766,2005-10-14,TMIN,24
CIM00085766,2010-05-02,TMIN,105
CIM00085766,2013-09-27,TMIN,-12
CIM00085766,2014-08-13,TMIN,-33
CIM00085766,2008-12-03,TMIN,142
CIM00085766,2008-11-29,TMIN,62
CIM00085766,2006-12-09,TMIN,39
CIM00085766,2013-12-31,TMIN,78
CIM00085766,2015-04-17,TMAX,160
CIM00085766,2015-03-26,TMAX,293
CIM00085766,2009-02-09,TMIN,75
CIM00085766,2015-03-29,TMIN,95
CIM00085766,2006-12-25,TMIN,50
CIM00085766,2011-11-17,TMIN,93
CIM00085766,2014-01-23,TMIN,93
CIM00085766,2006-08-12,TMAX,108
CIM00085766,2008-11-19,TMIN,58
CIM00085766,2013-01-04,TMIN,87
CIM00085766,2011-05-01,TMIN,8
CIM00085766,2014-12-30,TMIN,128
CIM00085766,2008-12-06,TMIN,114
CIM00085766,2007-03-03,TMIN,46
CIM00085766,2010-10-26,TMIN,48
CIM00085766,2011-09-12,TMIN,57
CIM00085766,2008-10-19,TMIN,110
CIM00085766,2014-10-25,TMIN,33
CIM00085766,2007-02-26,TMIN,94
CIM00085766,2005-12-11,TMIN,72
CIM00085766,2008-11-06,TMIN,126
CIM00085766,2014-09-16,TMIN,0
CIM00085766,2013-02-18,TMIN,43
CIM00085766,2013-04-20,TMAX,221
CIM00085766,2013-12-06,TMIN,34
CIM00085766,2008-01-03,TMIN,53
CIM00085766,2015-12-23,TMAX,171
CIM00085766,2011-08-30,TMAX,120
CIM00085766,2009-02-16,TMIN,84
CIM00085766,2015-02-27,TMAX,319
CIM00085766,2014-10-03,TMAX,207
CIM00085766,2013-02-15,TMIN,173
CIM00085766,2013-04-24,TMIN,45
CIM00085766,2015-10-05,TMAX,163
CIM00085766,2005-02-19,TMIN,72
CIM00085766,2011-02-18,TMIN,61
CIM00085766,2013-12-09,TMIN,91
CIM00085766,2011-12-29,TMIN,90
CIM00085766,2015-10-05,TMIN,63
CIM00085766,2014-11-16,TMIN,81
CIM00085766,2010-03-29,TMIN,76
CIM00085766,2013-12-22,TMIN,65
CIM00085766,2015-01-24,TMIN,127
CIM00085766,2008-12-18,TMIN,62
CIM00085766,2013-11-13,TMIN,37
CIM00085766,2013-04-07,TMIN,82
CIM00085766,2007-01-16,TMAX,278
CIM00085766,2012-10-12,TMIN,112
CIM00085766,2014-12-14,TMIN,94
CIM00085766,2013-11-20,TMIN,50
CIM00085766,2007-11-12,TMIN,1
CIM00085766,2015-02-27,TMIN,81
CIM00085766,2013-02-11,TMIN,163
CIM00085766,2005-11-11,TMIN,60
CIM00085766,2014-10-13,TMIN,-4
CIM00085766,2015-11-04,TMAX,256
CIM00085766,2015-08-13,TMIN,9
CIM00085766,2014-02-09,TMIN,62
CIM00085766,2013-11-30,TMIN,58
CIM00085766,2015-01-24,TMAX,262
CIM00085766,2009-03-09,TMIN,110
CIM00085766,2015-10-03,TMAX,205
CIM00085766,2010-03-23,TMIN,132
CIM00085766,2007-01-17,TMAX,282
CIM00085766,2009-10-31,TMIN,80
CIM00085766,2015-10-06,TMAX,150
CIM00085766,2013-04-20,TMIN,93
CIM00085766,2013-11-27,TMIN,92
CIM00085766,2008-02-04,TMIN,118
CIM00085766,2015-12-16,TMAX,217
CIM00085766,2012-04-06,TMIN,114
CIM00085766,2011-03-07,TMIN,97
CIM00085766,2015-02-11,TMAX,228
CIM00085766,2013-09-08,TMIN,110
CIM00085766,2008-07-10,TMIN,61
CIM00085766,2009-12-12,TMIN,73
CIM00085766,2011-11-02,TMIN,69
CIM00085766,2010-03-18,TMIN,136
CIM00085766,2014-06-27,TMIN,66
CIM00085766,2013-10-14,TMIN,89
CIM00085766,2010-01-30,TMIN,47
CIM00085766,2009-01-28,TMIN,69
CIM00085766,2012-10-14,TMIN,21
CIM00085766,2015-10-25,TMAX,184
CIM00085766,2012-03-23,TMIN,83
CIM00085766,2008-02-18,TMIN,71
CIM00085766,2008-02-19,TMIN,50
CIM00085766,2013-01-13,TMIN,115
CIM00085766,2011-09-29,TMIN,87
CIM00085766,2013-10-05,TMIN,37
CIM00085766,2012-10-27,TMIN,53
CIM00085766,2006-11-13,TMIN,44
CIM00085766,2014-07-03,TMIN,48
CIM00085766,2014-02-28,TMIN,102
CIM00085766,2011-11-29,TMIN,55
CIM00085766,2008-12-26,TMIN,66
CIM00085766,2006-01-12,TMIN,60
CIM00085766,2011-05-06,TMIN,13
CIM00085766,2005-02-07,TMIN,124
CIM00085766,2008-04-07,TMAX,178
CIM00085766,2008-11-07,TMIN,102
CIM00085766,2011-05-07,TMIN,19
CIM00085766,2014-07-18,TMIN,42
CIM00085766,2013-12-14,TMIN,63
CIM00085766,2015-05-05,TMAX,143
CIM00085766,2011-11-22,TMIN,104
CIM00085766,2013-07-03,TMAX,127
CIM00085766,2013-09-25,TMIN,9
CIM00085766,2005-02-23,TMIN,54
CIM00085766,2006-03-11,TMIN,60
CIM00085766,2014-11-23,TMAX,175
CIM00085766,2012-03-29,TMIN,38
CIM00085766,2007-04-21,TMAX,148
CIM00085766,2015-04-27,TMIN,77
CIM00085766,2006-12-13,TMIN,119
CIM00085766,2012-02-07,TMIN,73
CIM00085766,2006-10-30,TMIN,60
CIM00085766,2008-02-16,TMIN,36
CIM00085766,2015-02-15,TMAX,276
CIM00085766,2015-09-28,TMIN,76
CIM00085766,2014-03-06,TMIN,33
CIM00085766,2015-12-27,TMIN,66
CIM00085766,2006-11-17,TMIN,19
CIM00085766,2014-08-24,TMAX,153
CIM00085766,2015-07-31,TMIN,57
CIM00085766,2015-03-20,TMAX,228
CIM00085766,2007-02-09,TMIN,69
CIM00085766,2009-02-03,TMIN,140
CIM00085766,2014-08-24,TMIN,76
CIM00085766,2005-10-12,TMIN,32
CIM00085766,2015-03-20,TMIN,69
CIM00085766,2012-02-11,TMIN,113
CIM00085766,2013-01-31,TMIN,79
CIM00085766,2012-11-09,TMIN,29
CIM00085766,2012-02-06,TMIN,89
CIM00085766,2015-10-25,TMIN,94
CIM00085766,2014-07-03,TMAX,115
CIM00085766,2014-03-14,TMIN,40
CIM00085766,2007-10-08,TMAX,186
CIM00085766,2010-03-13,TMIN,46
CIM00085766,2010-03-18,TMAX,190
CIM00085766,2007-01-28,TMIN,61
CIM00085766,2015-01-21,TMIN,102
CIM00085766,2012-10-21,TMIN,69
CIM00085766,2015-01-21,TMAX,338
CIM00085766,2015-10-20,TMIN,74
CIM00085766,2010-02-15,TMIN,58
CIM00085766,2014-01-28,TMIN,90
CIM00085766,2015-10-20,TMAX,180
CIM00085766,2007-01-28,TMAX,237
CIM00085766,2015-12-05,TMIN,74
CIM00085766,2014-04-06,TMIN,114
CIM00085766,2008-03-13,TMIN,98
CIM00085766,2013-09-22,TMIN,4
CIM00085766,2015-08-24,TMIN,97
CIM00085766,2006-10-21,TMIN,28
CIM00085766,2011-01-08,TMIN,107
CIM00085766,2015-08-24,TMAX,130
CIM00085766,2008-02-20,TMIN,96
CIM00085766,2012-12-20,TMIN,78
CIM00085766,2005-01-29,TMIN,55
CIM00085766,2014-09-22,TMAX,146
CIM00085766,2013-02-03,TMIN,62
CIM00085766,2012-06-10,TMAX,63
CIM00085766,2006-12-27,TMIN,50
CIM00085766,2010-02-06,TMIN,138
CIM00085766,2015-10-27,TMIN,18
CIM00085766,2008-11-30,TMIN,66
CIM00085766,2006-10-26,TMIN,16
CIM00085766,2014-12-02,TMIN,42
CIM00085766,2015-05-12,TMIN,73
CIM00085766,2015-11-13,TMIN,61
CIM00085766,2014-09-22,TMIN,45
CIM00085766,2015-06-11,TMIN,59
CIM00085766,2014-12-31,TMIN,116
CIM00085766,2005-10-15,TMIN,90
CIM00085766,2015-11-16,TMAX,184
CIM00085766,2013-04-22,TMIN,128
CIM00085766,2015-05-19,TMAX,178
CIM00085766,2014-01-30,TMIN,94
CIM00085766,2015-01-20,TMIN,98
CIM00085766,2007-03-08,TMIN,118
CIM00085766,2012-06-04,TMAX,114
CIM00085766,2012-12-17,TMIN,86
CIM00085766,2007-09-15,TMAX,182
CIM00085766,2012-10-02,TMIN,53
CIM00085766,2015-06-11,TMAX,114
CIM00085766,2015-11-16,TMIN,85
CIM00085766,2007-12-12,TMIN,31
CIM00085766,2011-12-17,TMIN,83
CIM00085766,2008-12-20,TMIN,126
CIM00085766,2010-12-06,TMIN,75
CIM00085766,2013-12-07,TMIN,48
CIM00085766,2014-10-14,TMIN,14
CIM00085766,2013-09-16,TMIN,10
CIM00085766,2015-10-12,TMIN,73
CIM00085766,2011-10-30,TMIN,39
CIM00085766,2012-09-03,TMIN,86
CIM00085766,2005-12-10,TMIN,54
CIM00085766,2010-12-07,TMIN,114
CIM00085766,2005-08-10,TMAX,102
CIM00085766,2015-10-12,TMAX,223
CIM00085766,2010-10-19,TMIN,108
CIM00085766,2013-09-16,TMAX,146
CIM00085766,2014-12-15,TMIN,103
CIM00085766,2015-03-13,TMAX,244
CIM00085766,2015-03-13,TMIN,76
CIM00085766,2010-02-12,TMIN,90
CIM00085766,2014-07-10,TMIN,19
CIM00085766,2009-12-25,TMIN,52
CIM00085766,2005-02-04,TMIN,114
CIM00085766,2007-11-21,TMIN,102
CIM00085766,2014-09-23,TMIN,89
CIM00085766,2014-12-15,TMAX,233
CIM00085766,2014-08-29,TMIN,69
CIM00085766,2007-09-26,TMAX,186
CIM00085766,2015-01-27,TMAX,241
CIM00085766,2015-02-02,TMAX,291
CIM00085766,2015-02-02,TMIN,110
CIM00085766,2010-10-16,TMIN,13
CIM00085766,2007-01-31,TMIN,64
CIM00085766,2013-11-23,TMIN,104
CIM00085766,2005-10-27,TMIN,26
CIM00085766,2008-01-04,TMIN,66
CIM00085766,2015-06-24,TMIN,-5
CIM00085766,2015-01-27,TMIN,88
CIM00085766,2011-11-08,TMIN,100
CIM00085766,2012-07-31,TMAX,101
CIM00085766,2014-09-23,TMAX,137
CIM00085766,2014-02-25,TMIN,79
CIM00085766,2012-11-19,TMIN,62
CIM00085766,2012-02-18,TMIN,151
CIM00085766,2011-01-15,TMIN,69
CIM00085766,2015-09-10,TMIN,16
CIM00085766,2013-10-20,TMIN,93
CIM00085766,2012-12-29,TMIN,93
CIM00085766,2007-09-29,TMAX,191
CIM00085766,2006-01-08,TMIN,122
CIM00085766,2009-02-23,TMIN,120
CIM00085766,2005-11-17,TMIN,116
CIM00085766,2012-01-22,TMIN,83
CIM00085766,2011-08-27,TMIN,61
CIM00085766,2005-12-29,TMIN,99
CIM00085766,2012-03-26,TMIN,38
CIM00085766,2011-01-05,TMIN,87
CIM00085766,2015-05-28,TMIN,33
CIM00085766,2011-10-19,TMIN,31
CIM00085766,2011-03-16,TMIN,27
CIM00085766,2007-11-16,TMIN,88
CIM00085766,2008-03-03,TMIN,81
CIM00085766,2015-10-14,TMAX,130
CIM00085766,2009-12-16,TMAX,245
CIM00085766,2012-12-12,TMIN,125
CIM00085766,2009-01-19,TMIN,82
CIM00085766,2011-04-09,TMIN,37
CIM00085766,2015-07-10,TMAX,114
CIM00085766,2015-07-10,TMIN,15
CIM00085766,2011-01-29,TMIN,54
CIM00085766,2015-05-19,TMIN,138
CIM00085766,2015-03-21,TMIN,20
CIM00085766,2008-10-24,TMIN,80
CIM00085766,2007-12-31,TMIN,107
CIM00085766,2015-02-14,TMIN,65
CIM00085766,2006-11-09,TMIN,54
CIM00085766,2014-03-26,TMIN,22
CIM00085766,2014-03-20,TMIN,71
CIM00085766,2014-10-10,TMIN,-2
CIM00085766,2014-09-30,TMIN,60
CIM00085766,2008-11-10,TMIN,47
CIM00085766,2008-11-14,TMAX,230
CIM00085766,2008-11-14,TMIN,100
CIM00085766,2011-10-06,TMIN,99
CIM00085766,2011-03-25,TMIN,82
CIM00085766,2010-01-22,TMIN,65
CIM00085766,2006-11-12,TMIN,112
CIM00085766,2015-08-16,TMIN,-2
CIM00085766,2011-04-23,TMIN,80
CIM00085766,2013-09-26,TMIN,57
CIM00085766,2015-07-15,TMIN,76
CIM00085766,2010-03-31,TMIN,118
CIM00085766,2008-11-08,TMIN,100
CIM00085766,2015-09-18,TMIN,-7
CIM00085766,2015-08-02,TMIN,84
CIM00085766,2015-02-11,TMIN,49
CIM00085766,2011-04-22,TMIN,56
CIM00085766,2015-06-30,TMIN,66
CIM00085766,2014-07-17,TMIN,42
CIM00085766,2015-04-14,TMAX,181
CIM00085766,2011-03-29,TMIN,43
CIM00085766,2013-11-01,TMIN,57
CIM00085766,2012-04-28,TMIN,55
CIM00085766,2015-04-14,TMIN,84
CIM00085766,2014-11-03,TMAX,177
CIM00085766,2015-05-03,TMAX,135
CIM00085766,2015-12-11,TMAX,220
CIM00085766,2014-01-17,TMIN,77
CIM00085766,2014-08-31,TMIN,20
CIM00085766,2009-02-06,TMIN,64
CIM00085766,2015-08-10,TMIN,42
CIM00085766,2013-12-19,TMIN,76
CIM00085766,2012-10-07,TMIN,-5
CIM00085766,2015-05-05,TMIN,40
CIM00085766,2009-11-08,TMIN,65
CIM00085766,2013-11-10,TMIN,54
CIM00085766,2005-10-22,TMIN,10
CIM00085766,2008-04-04,TMAX,264
CIM00085766,2015-01-31,TMIN,66
CIM00085766,2010-03-16,TMIN,46
CIM00085766,2014-11-03,TMIN,46
CIM00085766,2015-05-28,TMAX,125
CIM00085766,2012-02-23,TMIN,56
CIM00085766,2006-11-27,TMIN,85
CIM00085766,2008-03-18,TMIN,48
CIM00085766,2014-08-30,TMAX,168
CIM00085766,2009-02-12,TMIN,60
CIM00085766,2007-01-18,TMAX,270
CIM00085766,2005-12-05,TMIN,54
CIM00085766,2013-09-17,TMIN,-3
CIM00085766,2014-09-10,TMIN,45
CIM00085766,2014-08-26,TMIN,4
CIM00085766,2014-07-04,TMAX,119
CIM00085766,2013-01-02,TMIN,78
CIM00085766,2015-01-16,TMAX,296
CIM00085766,2011-11-16,TMIN,78
CIM00085766,2008-11-21,TMIN,35
CIM00085766,2010-02-16,TMIN,25
CIM00085766,2015-07-14,TMIN,8
CIM00085766,2015-02-15,TMIN,77
CIM00085766,2013-11-03,TMIN,54
CIM00085766,2011-01-22,TMIN,147
CIM00085766,2014-02-02,TMIN,130
CIM00085766,2005-02-11,TMIN,120
CIM00085766,2008-02-28,TMIN,152
CIM00085766,2010-01-06,TMIN,46
CIM00085766,2008-10-20,TMIN,81
CIM00085766,2014-02-15,TMIN,98
CIM00085766,2012-10-06,TMIN,47
CIM00085766,2007-02-02,TMIN,117
CIM00085766,2011-10-03,TMIN,36
CIM00085766,2013-09-25,TMAX,231
CIM00085766,2014-03-01,TMIN,52
CIM00085766,2014-07-09,TMIN,-2
CIM00085766,2011-09-09,TMIN,86
CIM00085766,2015-09-24,TMIN,82
CIM00085766,2014-08-23,TMIN,41
CIM00085766,2008-03-23,TMIN,62
CIM00085766,2014-07-30,TMIN,69
CIM00085766,2014-07-30,TMAX,133
CIM00085766,2015-09-24,TMAX,175
CIM00085766,2007-10-17,TMIN,68
CIM00085766,2015-07-18,TMAX,116
CIM00085766,2014-11-23,TMIN,117
CIM00085766,2011-10-31,TMIN,57
CIM00085766,2015-09-20,TMIN,5
CIM00085766,2012-03-18,TMIN,138
CIM00085766,2007-11-08,TMIN,37
CIM00085766,2011-08-01,TMAX,79
CIM00085766,2010-12-14,TMIN,120
CIM00085766,2015-02-18,TMAX,228
CIM00085766,2013-10-28,TMIN,27
CIM00085766,2005-03-12,TMIN,142
CIM00085766,2010-01-05,TMIN,105
CIM00085766,2011-11-27,TMIN,55
CIM00085766,2015-04-22,TMIN,-8
CIM00085766,2012-01-11,TMIN,65
CIM00085766,2012-03-31,TMIN,85
CIM00085766,2015-02-18,TMIN,66
CIM00085766,2008-10-15,TMIN,32
CIM00085766,2015-07-18,TMIN,36
CIM00085766,2007-11-26,TMIN,63
CIM00085766,2013-11-08,TMIN,96
CIM00085766,2012-04-21,TMIN,47
CIM00085766,2010-03-08,TMIN,94
CIM00085766,2014-11-02,TMIN,35
CIM00085766,2009-12-05,TMIN,107
CIM00085766,2007-02-25,TMIN,102
CIM00085766,2014-08-11,TMIN,13
CIM00085766,2015-09-14,TMIN,16
CIM00085766,2006-01-13,TMIN,86
CIM00085766,2015-09-14,TMAX,154
CIM00085766,2015-01-16,TMIN,88
CIM00085766,2012-09-27,TMIN,41
CIM00085766,2013-10-28,TMAX,250
CIM00085766,2015-10-07,TMIN,24
CIM00085766,2010-02-25,TMIN,74
CIM00085766,2005-11-02,TMIN,73
CIM00085766,2015-05-02,TMAX,152
CIM00085766,2008-02-29,TMAX,272
CIM00085766,2012-12-04,TMIN,100
CIM00085766,2015-10-07,TMAX,136
CIM00085766,2007-02-01,TMIN,74
CIM00085766,2014-11-02,TMAX,171
CIM00085766,2014-11-21,TMIN,35
CIM00085766,2007-01-18,TMIN,128
CIM00085766,2014-03-16,TMIN,114
CIM00085766,2014-12-31,TMAX,186
CIM00085766,2015-04-23,TMIN,19
CIM00085766,2014-10-23,TMIN,47
CIM00085766,2007-01-10,TMAX,220
CIM00085766,2015-06-10,TMAX,121
CIM00085766,2012-01-01,TMIN,94
CIM00085766,2013-02-14,TMIN,117
CIM00085766,2015-08-21,TMAX,154
CIM00085766,2015-05-21,TMAX,151
CIM00085766,2009-12-02,TMIN,47
CIM00085766,2014-02-26,TMIN,68
CIM00085766,2014-09-25,TMAX,128
CIM00085766,2012-04-07,TMIN,129
CIM00085766,2015-08-29,TMAX,148
CIM00085766,2007-12-19,TMIN,74
CIM00085766,2010-05-07,TMIN,38
CIM00085766,2014-09-25,TMIN,25
CIM00085766,2014-08-05,TMIN,64
CIM00085766,2014-02-26,TMAX,292
CIM00085766,2013-10-22,TMIN,-1
CIM00085766,2006-12-11,TMIN,82
CIM00085766,2008-08-29,TMAX,116
CIM00085766,2013-01-23,TMIN,112
CIM00085766,2006-12-02,TMIN,60
CIM00085766,2015-12-20,TMAX,255
CIM00085766,2008-11-12,TMIN,35
CIM00085766,2013-03-29,TMIN,121
CIM00085766,2013-12-01,TMIN,57
CIM00085766,2010-01-26,TMIN,105
CIM00085766,2012-12-22,TMIN,126
CIM00085766,2007-01-10,TMIN,108
CIM00085766,2008-10-27,TMIN,52
CIM00085766,2015-02-06,TMIN,140
CIM00085766,2015-02-06,TMAX,277
CIM00085766,2009-02-07,TMIN,75
CIM00085766,2015-06-13,TMIN,60
CIM00085766,2014-07-14,TMIN,86
CIM00085766,2010-12-28,TMIN,108
CIM00085766,2008-02-17,TMIN,102
CIM00085766,2013-03-28,TMIN,56
CIM00085766,2010-12-26,TMIN,126
CIM00085766,2014-12-23,TMIN,31
CIM00085766,2009-02-15,TMIN,118
CIM00085766,2015-02-09,TMIN,87
CIM00085766,2013-06-25,TMAX,114
CIM00085766,2005-02-10,TMIN,118
CIM00085766,2008-10-21,TMIN,56
CIM00085766,2011-01-23,TMIN,129
CIM00085766,2010-12-24,TMAX,194
CIM00085766,2011-09-22,TMIN,44
CIM00085766,2009-02-25,TMIN,58
CIM00085766,2015-12-29,TMIN,73
CIM00085766,2014-11-18,TMIN,103
CIM00085766,2009-02-13,TMIN,141
CIM00085766,2010-03-19,TMIN,127
CIM00085766,2015-11-06,TMIN,70
CIM00085766,2009-02-19,TMIN,115
CIM00085766,2010-03-28,TMIN,107
CIM00085766,2015-02-26,TMIN,74
CIM00085766,2015-10-13,TMAX,150
CIM00085766,2015-02-09,TMAX,211
CIM00085766,2005-12-13,TMIN,102
CIM00085766,2007-10-13,TMAX,126
CIM00085766,2015-08-21,TMIN,67
CIM00085766,2007-01-01,TMIN,74
CIM00085766,2008-01-08,TMIN,130
CIM00085766,2014-01-15,TMIN,143
CIM00085766,2012-02-24,TMIN,105
CIM00085766,2015-02-26,TMAX,336
CIM00085766,2015-06-23,TMAX,94
CIM00085766,2015-10-13,TMIN,97
CIM00085766,2010-03-28,TMAX,220
CIM00085766,2014-03-09,TMIN,44
CIM00085766,2008-12-19,TMIN,86
CIM00085766,2013-10-10,TMIN,94
CIM00085766,2011-03-31,TMIN,117
CIM00085766,2015-06-23,TMIN,-25
CIM00085766,2010-12-23,TMIN,82
CIM00085766,2010-01-09,TMIN,105
CIM00085766,2005-02-16,TMIN,112
CIM00085766,2007-01-26,TMIN,94
CIM00085766,2006-01-25,TMIN,73
CIM00085766,2015-01-29,TMAX,265
CIM00085766,2012-12-05,TMIN,112
CIM00085766,2008-04-20,TMAX,220
CIM00085766,2006-12-07,TMIN,46
CIM00085766,2008-12-10,TMIN,80
CIM00085766,2013-11-21,TMIN,59
CIM00085766,2014-08-18,TMAX,185
CIM00085766,2014-02-27,TMIN,59
CIM00085766,2013-02-09,TMIN,144
CIM00085766,2007-02-05,TMIN,104
CIM00085766,2007-12-24,TMIN,74
CIM00085766,2008-08-30,TMIN,80
CIM00085766,2008-02-06,TMIN,102
CIM00085766,2014-02-27,TMAX,247
CIM00085766,2009-02-02,TMIN,75
CIM00085766,2012-05-13,TMAX,116
CIM00085766,2007-01-06,TMIN,66
CIM00085766,2014-08-17,TMIN,64
CIM00085766,2015-07-13,TMAX,94
CIM00085766,2012-04-03,TMIN,27
CIM00085766,2007-11-06,TMIN,24
CIM00085766,2007-11-30,TMIN,128
CIM00085766,2015-08-03,TMAX,132
CIM00085766,2015-12-03,TMIN,115
CIM00085766,2015-12-03,TMAX,284
CIM00085766,2015-01-10,TMAX,264
CIM00085766,2012-02-08,TMIN,116
CIM00085766,2014-03-05,TMIN,29
CIM00085766,2013-11-28,TMIN,38
CIM00085766,2015-07-25,TMIN,104
CIM00085766,2015-05-01,TMAX,160
CIM00085766,2013-01-21,TMIN,134
CIM00085766,2014-04-04,TMIN,109
CIM00085766,2014-11-25,TMIN,61
CIM00085766,2012-03-08,TMIN,70
CIM00085766,2010-10-12,TMIN,67
CIM00085766,2011-02-21,TMIN,128
CIM00085766,2015-10-31,TMIN,59
CIM00085766,2008-12-22,TMIN,40
CIM00085766,2005-11-18,TMIN,122
CIM00085766,2006-12-28,TMIN,55
CIM00085766,2010-05-24,TMIN,70
CIM00085766,2010-05-10,TMIN,31
CIM00085766,2014-07-19,TMAX,160
CIM00085766,2014-07-19,TMIN,40
CIM00085766,2013-10-27,TMIN,31
CIM00085766,2012-02-22,TMIN,76
CIM00085766,2011-12-05,TMIN,77
CIM00085766,2013-01-07,TMIN,57
CIM00085766,2014-04-02,TMIN,34
CIM00085766,2009-02-10,TMIN,102
CIM00085766,2007-09-21,TMAX,125
CIM00085766,2008-12-28,TMIN,80
CIM00085766,2005-12-31,TMIN,62
CIM00085766,2012-12-14,TMIN,107
CIM00085766,2012-01-02,TMIN,88
CIM00085766,2013-02-12,TMIN,96
CIM00085766,2015-11-22,TMIN,70
CIM00085766,2010-07-15,TMAX,122
CIM00085766,2015-01-29,TMIN,54
CIM00085766,2012-11-21,TMIN,49
CIM00085766,2010-02-05,TMIN,120
CIM00085766,2005-10-21,TMIN,92
CIM00085766,2006-02-28,TMIN,116
CIM00085766,2014-10-06,TMIN,19
CIM00085766,2012-12-13,TMIN,51
CIM00085766,2015-07-13,TMIN,-15
CIM00085766,2009-01-12,TMIN,46
CIM00085766,2005-02-26,TMIN,84
CIM00085766,2013-11-18,TMIN,44
CIM00085766,2010-12-31,TMIN,148
CIM00085766,2011-01-20,TMIN,79
CIM00085766,2011-10-28,TMIN,52
CIM00085766,2015-12-20,TMIN,49
CIM00085766,2009-01-22,TMIN,80
CIM00085766,2013-10-21,TMIN,41
CIM00085766,2012-01-10,TMIN,132
CIM00085766,2007-01-12,TMIN,94
CIM00085766,2014-11-18,TMAX,212
CIM00085766,2013-01-24,TMIN,117
CIM00085766,2015-02-07,TMAX,270
CIM00085766,2011-12-21,TMIN,107
CIM00085766,2007-02-16,TMIN,42
CIM00085766,2014-10-08,TMIN,16
CIM00085766,2015-03-11,TMAX,281
CIM00085766,2009-12-30,TMIN,106
CIM00085766,2005-01-28,TMIN,72
CIM00085766,2015-12-17,TMIN,19
CIM00085766,2014-10-08,TMAX,165
CIM00085766,2015-09-30,TMAX,144
CIM00085766,2015-03-11,TMIN,76
CIM00085766,2005-03-11,TMIN,74
CIM00085766,2013-10-10,TMAX,152
CIM00085766,2011-09-30,TMIN,34
CIM00085766,2012-06-17,TMAX,92
CIM00085766,2015-09-30,TMIN,116
CIM00085766,2009-11-13,TMIN,63
CIM00085766,2012-02-21,TMIN,61
CIM00085766,2008-03-15,TMIN,164
CIM00085766,2012-02-14,TMIN,38
CIM00085766,2008-03-14,TMIN,89
CIM00085766,2012-11-05,TMIN,48
CIM00085766,2009-12-11,TMIN,51
CIM00085766,2014-10-11,TMAX,172
CIM00085766,2015-09-11,TMAX,129
CIM00085766,2007-01-02,TMIN,39
CIM00085766,2015-11-29,TMIN,64
CIM00085766,2014-10-11,TMIN,26
CIM00085766,2006-12-04,TMIN,46
CIM00085766,2012-02-02,TMIN,89
CIM00085766,2013-02-01,TMIN,154
CIM00085766,2015-09-11,TMIN,8
CIM00085766,2005-11-30,TMIN,46
CIM00085766,2008-02-25,TMIN,110
CIM00085766,2013-04-06,TMIN,34
CIM00085766,2006-01-21,TMIN,43
CIM00085766,2014-06-28,TMIN,60
CIM00085766,2015-12-17,TMAX,189
CIM00085766,2014-06-24,TMAX,116
CIM00085766,2014-10-31,TMIN,12
CIM00085766,2012-12-19,TMIN,96
CIM00085766,2015-02-22,TMIN,49
CIM00085766,2008-03-07,TMIN,78
CIM00085766,2008-03-29,TMIN,62
CIM00085766,2014-01-18,TMIN,97
CIM00085766,2008-02-05,TMIN,132
CIM00085766,2014-07-22,TMIN,0
CIM00085766,2009-02-18,TMIN,120
CIM00085766,2015-11-15,TMAX,187
CIM00085766,2013-03-30,TMIN,138
CIM00085766,2005-10-10,TMIN,67
CIM00085766,2014-04-22,TMIN,62
CIM00085766,2010-11-09,TMIN,53
CIM00085766,2015-12-04,TMIN,100
CIM00085766,2012-09-24,TMIN,4
CIM00085766,2015-04-23,TMAX,172
CIM00085766,2013-11-22,TMIN,66
CIM00085766,2008-03-21,TMIN,95
CIM00085766,2013-10-13,TMIN,41
CIM00085766,2014-07-22,TMAX,127
CIM00085766,2015-02-22,TMAX,264
CIM00085766,2014-06-26,TMIN,17
CIM00085766,2013-01-18,TMIN,84
CIM00085766,2012-01-17,TMIN,149
CIM00085766,2015-04-30,TMIN,47
CIM00085766,2015-12-10,TMIN,56
CIM00085766,2011-09-01,TMIN,-4
CIM00085766,2005-02-12,TMIN,134
CIM00085766,2008-11-17,TMIN,52
CIM00085766,2015-07-22,TMIN,64
CIM00085766,2010-05-17,TMIN,8
CIM00085766,2013-09-17,TMAX,149
CIM00085766,2006-03-04,TMIN,54
CIM00085766,2012-11-27,TMIN,53
CIM00085766,2011-11-06,TMIN,60
CIM00085766,2008-12-29,TMIN,96
CIM00085766,2011-10-29,TMIN,69
CIM00085766,2015-11-15,TMIN,106
CIM00085766,2005-03-07,TMIN,61
CIM00085766,2013-03-10,TMIN,134
CIM00085766,2015-01-12,TMAX,254
CIM00085766,2014-10-26,TMIN,36
CIM00085766,2013-12-27,TMIN,38
CIM00085766,2007-11-15,TMIN,32
CIM00085766,2007-02-10,TMIN,62
CIM00085766,2012-02-12,TMIN,164
CIM00085766,2009-11-29,TMIN,16
CIM00085766,2013-12-13,TMIN,106
CIM00085766,2015-12-06,TMAX,291
CIM00085766,2011-02-03,TMIN,67
CIM00085766,2015-12-06,TMIN,109
CIM00085766,2013-09-14,TMIN,-12
CIM00085766,2014-09-17,TMIN,-14
CIM00085766,2007-01-25,TMIN,115
CIM00085766,2007-01-25,TMAX,234
CIM00085766,2008-03-10,TMIN,36
CIM00085766,2008-11-22,TMIN,86
CIM00085766,2012-10-19,TMIN,62
CIM00085766,2015-10-17,TMIN,0
CIM00085766,2005-02-28,TMIN,52
CIM00085766,2014-06-28,TMAX,97
CIM00085766,2009-01-06,TMIN,66
CIM00085766,2015-02-07,TMIN,80
CIM00085766,2015-08-07,TMIN,50
CIM00085766,2010-02-23,TMIN,81
CIM00085766,2007-11-22,TMIN,99
CIM00085766,2015-08-07,TMAX,116
CIM00085766,2011-11-15,TMIN,93
CIM00085766,2015-05-14,TMIN,96
CIM00085766,2014-09-01,TMAX,157
CIM00085766,2006-02-24,TMIN,76
CIM00085766,2007-11-02,TMIN,104
CIM00085766,2015-12-25,TMIN,42
CIM00085766,2013-09-20,TMIN,51
CIM00085766,2012-03-27,TMIN,28
CIM00085766,2008-02-22,TMIN,110
CIM00085766,2013-10-30,TMIN,86
CIM00085766,2006-02-25,TMIN,112
CIM00085766,2006-10-17,TMIN,16
CIM00085766,2008-04-18,TMAX,188
CIM00085766,2010-03-12,TMIN,61
CIM00085766,2012-11-02,TMIN,43
CIM00085766,2014-03-25,TMIN,23
CIM00085766,2014-10-26,TMAX,247
CIM00085766,2014-06-29,TMIN,26
CIM00085766,2011-11-14,TMIN,94
CIM00085766,2014-02-08,TMIN,144
CIM00085766,2012-02-01,TMIN,77
CIM00085766,2014-10-17,TMIN,35
CIM00085766,2015-10-10,TMIN,-4
CIM00085766,2015-07-21,TMIN,56
CIM00085766,2014-10-17,TMAX,168
CIM00085766,2005-12-02,TMIN,68
CIM00085766,2013-09-28,TMIN,-24
CIM00085766,2014-01-02,TMIN,73
CIM00085766,2008-01-14,TMIN,132
CIM00085766,2010-07-10,TMAX,118
CIM00085766,2015-05-30,TMIN,99
CIM00085766,2014-04-05,TMIN,51
CIM00085766,2007-02-24,TMIN,103
CIM00085766,2007-10-22,TMIN,66
CIM00085766,2012-03-16,TMIN,87
CIM00085766,2007-02-14,TMIN,100
CIM00085766,2012-11-25,TMIN,44
CIM00085766,2014-09-26,TMIN,33
CIM00085766,2010-02-11,TMIN,46
CIM00085766,2012-10-03,TMIN,50
CIM00085766,2012-11-13,TMIN,85
CIM00085766,2013-09-10,TMIN,78
CIM00085766,2011-10-11,TMIN,11
CIM00085766,2014-11-27,TMAX,217
CIM00085766,2012-05-20,TMAX,139
CIM00085766,2007-10-09,TMAX,170
CIM00085766,2015-04-13,TMIN,94
CIM00085766,2015-10-09,TMIN,0
CIM00085766,2015-04-13,TMAX,209
CIM00085766,2015-05-29,TMIN,57
CIM00085766,2008-06-11,TMAX,128
CIM00085766,2012-12-10,TMIN,114
CIM00085766,2015-05-14,TMAX,165
CIM00085766,2013-12-04,TMIN,47
CIM00085766,2012-12-16,TMIN,117
CIM00085766,2010-03-15,TMIN,30
CIM00085766,2012-04-01,TMIN,97
CIM00085766,2006-12-18,TMIN,110
CIM00085766,2012-12-21,TMIN,78
CIM00085766,2015-07-29,TMIN,68
CIM00085766,2013-12-18,TMIN,109
CIM00085766,2013-10-09,TMIN,48
CIM00085766,2014-08-20,TMAX,141
CIM00085766,2005-10-29,TMIN,52
CIM00085766,2014-07-20,TMIN,57
CIM00085766,2015-04-11,TMIN,45
CIM00085766,2015-07-01,TMIN,20
CIM00085766,2015-12-08,TMAX,215
CIM00085766,2014-03-17,TMIN,93
CIM00085766,2012-10-20,TMIN,100
CIM00085766,2006-03-07,TMIN,85
CIM00085766,2008-03-17,TMIN,132
CIM00085766,2014-01-25,TMIN,49
CIM00085766,2009-01-01,TMIN,82
CIM00085766,2008-04-08,TMAX,180
CIM00085766,2014-04-25,TMIN,57
CIM00085766,2013-03-17,TMIN,53
CIM00085766,2010-01-18,TMIN,70
CIM00085766,2014-08-20,TMIN,86
CIM00085766,2015-07-01,TMAX,115
CIM00085766,2008-05-25,TMAX,116
CIM00085766,2015-12-22,TMIN,42
CIM00085766,2014-03-03,TMIN,53
CIM00085766,2005-12-04,TMIN,96
CIM00085766,2006-12-10,TMIN,61
CIM00085766,2014-07-31,TMIN,97
CIM00085766,2006-11-15,TMIN,86
CIM00085766,2006-11-22,TMIN,67
CIM00085766,2012-03-07,TMIN,66
CIM00085766,2014-12-19,TMAX,201
CIM00085766,2012-01-29,TMIN,157
CIM00085766,2008-07-12,TMAX,126
CIM00085766,2014-11-10,TMAX,246
CIM00085766,2012-01-06,TMIN,101
CIM00085766,2010-01-03,TMIN,102
CIM00085766,2013-05-29,TMAX,136
CIM00085766,2015-04-20,TMAX,169
CIM00085766,2013-02-02,TMIN,90
CIM00085766,2015-11-18,TMAX,149
CIM00085766,2014-11-10,TMIN,61
CIM00085766,2012-12-18,TMIN,110
CIM00085766,2012-03-02,TMIN,124
CIM00085766,2012-12-23,TMIN,119
CIM00085766,2009-01-27,TMIN,84
CIM00085766,2012-02-26,TMIN,118
CIM00085766,2012-10-25,TMIN,41
CIM00085766,2012-03-20,TMIN,127
CIM00085766,2006-01-23,TMIN,86
CIM00085766,2008-02-14,TMIN,116
CIM00085766,2015-07-09,TMAX,128
CIM00085766,2015-02-24,TMAX,285
CIM00085766,2014-04-09,TMIN,78
CIM00085766,2014-03-18,TMIN,37
CIM00085766,2015-11-08,TMAX,152
CIM00085766,2014-11-30,TMIN,37
CIM00085766,2015-11-08,TMIN,74
CIM00085766,2012-09-08,TMIN,-2
CIM00085766,2015-04-07,TMAX,213
CIM00085766,2013-08-26,TMAX,130
CIM00085766,2008-12-07,TMIN,116
CIM00085766,2009-01-21,TMIN,119
CIM00085766,2013-10-23,TMIN,13
CIM00085766,2010-03-17,TMIN,134
CIM00085766,2014-09-12,TMIN,-5
CIM00085766,2009-03-07,TMIN,105
CIM00085766,2005-10-28,TMIN,73
CIM00085766,2011-04-14,TMIN,49
CIM00085766,2009-01-31,TMIN,78
CIM00085766,2006-10-31,TMIN,74
CIM00085766,2009-12-18,TMIN,50
CIM00085766,2007-09-19,TMAX,148
CIM00085766,2014-09-12,TMAX,160
CIM00085766,2014-10-24,TMAX,230
CIM00085766,2014-10-24,TMIN,29
CIM00085766,2007-12-07,TMIN,117
CIM00085766,2015-08-15,TMAX,115
CIM00085766,2008-01-28,TMIN,114
CIM00085766,2006-05-27,TMAX,146
CIM00085766,2013-09-24,TMIN,-12
CIM00085766,2015-07-16,TMAX,123
CIM00085766,2015-02-17,TMAX,273
CIM00085766,2012-04-13,TMIN,117
CIM00085766,2015-09-13,TMIN,-16
CIM00085766,2015-12-15,TMIN,15
CIM00085766,2015-07-16,TMIN,30
CIM00085766,2008-02-07,TMIN,75
CIM00085766,2015-04-18,TMAX,170
CIM00085766,2015-12-08,TMIN,70
CIM00085766,2014-02-03,TMIN,117
CIM00085766,2009-11-06,TMIN,10
CIM00085766,2005-12-30,TMIN,84
CIM00085766,2015-03-08,TMIN,99
CIM00085766,2015-12-28,TMIN,125
CIM00085766,2015-11-24,TMIN,84
CIM00085766,2015-12-28,TMAX,242
CIM00085766,2014-03-07,TMIN,41
CIM00085766,2013-03-23,TMIN,64
CIM00085766,2008-06-06,TMAX,133
CIM00085766,2015-07-30,TMAX,137
CIM00085766,2012-04-02,TMIN,34
CIM00085766,2005-12-08,TMIN,102
CIM00085766,2007-07-20,TMAX,124
CIM00085766,2015-03-02,TMAX,224
CIM00085766,2005-10-17,TMIN,64
CIM00085766,2014-03-13,TMIN,59
CIM00085766,2012-11-17,TMIN,109
CIM00085766,2014-08-01,TMIN,114
CIM00085766,2015-09-21,TMAX,192
CIM00085766,2015-07-12,TMIN,23
CIM00085766,2015-07-27,TMIN,112
CIM00085766,2015-09-21,TMIN,23
CIM00085766,2014-02-24,TMIN,73
CIM00085766,2015-01-02,TMIN,58
CIM00085766,2007-10-05,TMAX,144
CIM00085766,2012-03-10,TMIN,107
CIM00085766,2015-01-05,TMIN,94
CIM00085766,2010-05-12,TMIN,75
CIM00085766,2012-11-22,TMIN,-8
CIM00085766,2012-11-22,TMAX,169
CIM00085766,2012-01-15,TMIN,143
CIM00085766,2015-01-05,TMAX,315
CIM00085766,2012-09-02,TMIN,64
CIM00085766,2014-02-18,TMIN,73
CIM00085766,2006-01-07,TMIN,132
CIM00085766,2005-02-14,TMIN,102
CIM00085766,2014-09-05,TMAX,170
CIM00085766,2006-11-04,TMIN,36
CIM00085766,2014-01-05,TMIN,86
CIM00085766,2008-11-05,TMIN,108
CIM00085766,2005-12-22,TMIN,94
CIM00085766,2015-01-30,TMIN,50
CIM00085766,2012-03-09,TMIN,105
CIM00085766,2012-02-16,TMIN,97
CIM00085766,2015-08-06,TMAX,123
CIM00085766,2005-01-03,TMIN,103
CIM00085766,2015-01-30,TMAX,259
CIM00085766,2011-01-26,TMIN,81
CIM00085766,2013-03-08,TMIN,118
CIM00085766,2014-01-12,TMIN,73
CIM00085766,2015-06-27,TMAX,165
CIM00085766,2011-11-20,TMIN,22
CIM00085766,2015-12-12,TMIN,120
CIM00085766,2013-11-07,TMAX,168
CIM00085766,2013-11-07,TMIN,97
CIM00085766,2005-01-08,TMIN,124
CIM00085766,2008-02-26,TMIN,104
CIM00085766,2009-02-21,TMIN,60
CIM00085766,2006-12-22,TMIN,132
CIM00085766,2014-07-12,TMIN,56
CIM00085766,2012-05-30,TMAX,155
CIM00085766,2014-02-01,TMIN,49
CIM00085766,2014-10-30,TMIN,56
CIM00085766,2014-09-05,TMIN,55
CIM00085766,2015-05-07,TMIN,36
CIM00085766,2006-10-22,TMIN,63
CIM00085766,2005-10-26,TMIN,62
CIM00085766,2013-03-04,TMIN,79
CIM00085766,2010-01-07,TMIN,47
CIM00085766,2011-11-18,TMIN,82
CIM00085766,2011-11-04,TMIN,43
CIM00085766,2012-04-24,TMIN,11
CIM00085766,2010-03-01,TMAX,288
CIM00085766,2010-05-27,TMIN,-33
CIM00085766,2006-12-17,TMIN,108
CIM00085766,2010-03-01,TMIN,105
CIM00085766,2015-10-23,TMIN,18
CIM00085766,2011-12-30,TMIN,94
CIM00085766,2015-06-03,TMAX,163
CIM00085766,2010-01-27,TMIN,75
CIM00085766,2014-11-26,TMIN,49
CIM00085766,2008-01-25,TMIN,109
CIM00085766,2015-05-31,TMAX,150
CIM00085766,2014-11-20,TMIN,34
CIM00085766,2006-10-18,TMIN,82
CIM00085766,2014-02-21,TMIN,94
CIM00085766,2008-10-16,TMIN,36
CIM00085766,2008-02-08,TMIN,111
CIM00085766,2012-03-11,TMIN,73
CIM00085766,2015-12-12,TMAX,173
CIM00085766,2014-11-06,TMIN,116
CIM00085766,2012-12-26,TMIN,82
CIM00085766,2005-03-05,TMIN,56
CIM00085766,2013-09-11,TMIN,68
CIM00085766,2014-10-30,TMAX,133
CIM00085766,2012-11-10,TMIN,13
CIM00085766,2013-01-12,TMIN,85
CIM00085766,2015-12-30,TMIN,77
CIM00085766,2015-02-28,TMAX,269
CIM00085766,2015-02-17,TMIN,75
CIM00085766,2014-12-01,TMIN,108
CIM00085766,2009-12-19,TMIN,51
CIM00085766,2014-12-04,TMIN,77
CIM00085766,2014-12-04,TMAX,278
CIM00085766,2008-04-12,TMAX,138
CIM00085766,2011-05-03,TMIN,2
CIM00085766,2015-03-02,TMIN,92
CIM00085766,2009-02-24,TMIN,82
CIM00085766,2011-12-06,TMIN,73
CIM00085766,2007-01-23,TMIN,118
CIM00085766,2005-11-27,TMIN,134
CIM00085766,2006-10-25,TMIN,23
CIM00085766,2006-11-05,TMIN,58
CIM00085766,2006-11-08,TMIN,38
CIM00085766,2014-03-15,TMIN,98
CIM00085766,2015-11-30,TMAX,247
CIM00085766,2015-11-30,TMIN,98
CIM00085766,2012-01-21,TMIN,122
CIM00085766,2006-11-20,TMIN,84
CIM00085766,2015-10-15,TMIN,34
CIM00085766,2013-03-12,TMIN,52
CIM00085766,2008-08-28,TMIN,60
CIM00085766,2006-01-24,TMIN,77
CIM00085766,2008-11-20,TMIN,45
CIM00085766,2014-12-28,TMIN,149
CIM00085766,2014-10-29,TMAX,175
CIM00085766,2010-05-01,TMIN,120
CIM00085766,2008-04-09,TMAX,174
CIM00085766,2015-08-22,TMIN,79
CIM00085766,2014-10-04,TMIN,26
CIM00085766,2015-01-11,TMIN,64
CIM00085766,2011-01-11,TMAX,264
CIM00085766,2015-03-09,TMIN,34
CIM00085766,2014-11-19,TMIN,33
CIM00085766,2012-04-27,TMIN,78
CIM00085766,2007-12-18,TMIN,80
CIM00085766,2008-03-25,TMIN,140
CIM00085766,2007-02-21,TMIN,88
CIM00085766,2014-02-16,TMIN,89
CIM00085766,2013-11-04,TMIN,62
CIM00085766,2010-12-12,TMIN,26
CIM00085766,2007-02-07,TMIN,26
CIM00085766,2011-01-11,TMIN,102
CIM00085766,2005-10-18,TMIN,72
CIM00085766,2005-01-31,TMIN,34
CIM00085766,2015-05-25,TMIN,28
CIM00085766,2011-09-08,TMIN,86
CIM00085766,2015-02-03,TMIN,68
CIM00085766,2014-10-21,TMIN,125
CIM00085766,2007-12-21,TMIN,71
CIM00085766,2013-02-26,TMIN,73
CIM00085766,2014-09-03,TMAX,159
CIM00085766,2010-12-05,TMIN,58
CIM00085766,2011-12-19,TMIN,58
CIM00085766,2014-12-28,TMAX,238
CIM00085766,2011-04-15,TMIN,29
CIM00085766,2014-03-04,TMIN,49
CIM00085766,2011-10-23,TMIN,12
CIM00085766,2008-12-15,TMIN,99
CIM00085766,2005-02-01,TMIN,44
CIM00085766,2011-10-09,TMIN,45
CIM00085766,2008-07-06,TMIN,46
CIM00085766,2013-03-19,TMIN,73
CIM00085766,2011-03-23,TMIN,27
CIM00085766,2014-11-19,TMAX,166
CIM00085766,2008-07-06,TMAX,130
CIM00085766,2005-11-13,TMAX,226
CIM00085766,2014-09-03,TMIN,100
CIM00085766,2015-02-03,TMAX,260
CIM00085766,2014-10-19,TMIN,48
CIM00085766,2011-09-19,TMIN,42
CIM00085766,2014-10-19,TMAX,151
CIM00085766,2013-01-17,TMIN,91
CIM00085766,2015-11-07,TMIN,67
CIM00085766,2007-03-02,TMIN,24
CIM00085766,2013-03-18,TMIN,52
CIM00085766,2010-11-01,TMIN,73
CIM00085766,2008-10-23,TMIN,42
CIM00085766,2015-11-07,TMAX,249
CIM00085766,2009-12-31,TMIN,78
CIM00085766,2015-12-24,TMIN,27
CIM00085766,2007-03-05,TMIN,110
CIM00085766,2007-12-13,TMIN,56
CIM00085766,2008-04-05,TMAX,206
CIM00085766,2007-01-13,TMAX,240
CIM00085766,2007-01-13,TMIN,102
CIM00085766,2009-12-24,TMIN,51
CIM00085766,2014-09-09,TMAX,132
CIM00085766,2011-04-10,TMIN,106
CIM00085766,2011-04-01,TMIN,45
CIM00085766,2012-04-18,TMIN,64
CIM00085766,2015-08-31,TMIN,37
CIM00085766,2014-11-17,TMIN,72
CIM00085766,2015-03-05,TMAX,250
CIM00085766,2015-08-05,TMIN,95
CIM00085766,2006-11-07,TMIN,72
CIM00085766,2011-12-23,TMIN,38
CIM00085766,2005-10-09,TMIN,38
CIM00085766,2015-03-03,TMIN,94
CIM00085766,2015-06-25,TMIN,119
CIM00085766,2009-02-20,TMIN,30
CIM00085766,2005-10-30,TMIN,28
CIM00085766,2010-05-14,TMIN,7
CIM00085766,2015-03-10,TMAX,285
CIM00085766,2014-02-14,TMIN,77
CIM00085766,2015-03-22,TMIN,20
CIM00085766,2005-01-07,TMIN,56
CIM00085766,2013-11-02,TMIN,34
CIM00085766,2015-10-02,TMIN,69
CIM00085766,2014-10-27,TMIN,84
CIM00085766,2014-10-27,TMAX,181
CIM00085766,2006-01-04,TMIN,122
CIM00085766,2014-11-08,TMIN,99
CIM00085766,2008-11-18,TMIN,72
CIM00085766,2014-12-20,TMAX,167
CIM00085766,2014-12-20,TMIN,33
CIM00085766,2010-11-17,TMIN,122
CIM00085766,2011-07-21,TMIN,103
CIM00085766,2005-11-12,TMIN,65
CIM00085766,2007-03-01,TMIN,36
CIM00085766,2007-11-28,TMIN,70
CIM00085766,2012-12-08,TMIN,44
CIM00085766,2008-12-23,TMIN,82
CIM00085766,2008-01-22,TMIN,89
CIM00085766,2014-11-22,TMAX,212
CIM00085766,2014-11-22,TMIN,60
CIM00085766,2014-09-21,TMIN,86
CIM00085766,2012-05-08,TMAX,167
CIM00085766,2014-07-29,TMIN,100
CIM00085766,2014-07-29,TMAX,143
CIM00085766,2008-02-23,TMIN,86
CIM00085766,2008-01-10,TMIN,54
CIM00085766,2005-11-26,TMIN,132
CIM00085766,2015-04-29,TMAX,218
CIM00085766,2013-10-08,TMIN,73
CIM00085766,2010-02-26,TMIN,100
CIM00085766,2015-09-19,TMIN,-12
CIM00085766,2015-05-16,TMAX,175
CIM00085766,2015-02-04,TMIN,87
CIM00085766,2012-04-12,TMIN,56
CIM00085766,2010-10-10,TMIN,37
CIM00085766,2011-04-13,TMIN,87
CIM00085766,2007-11-19,TMIN,39
CIM00085766,2014-10-05,TMIN,37
CIM00085766,2006-12-14,TMIN,112
CIM00085766,2014-02-10,TMIN,65
CIM00085766,2010-06-15,TMAX,128
CIM00085766,2013-11-26,TMIN,36
CIM00085766,2014-10-05,TMAX,168
CIM00085766,2011-09-20,TMIN,42
CIM00085766,2007-11-23,TMIN,58
CIM00085766,2009-03-13,TMIN,62
CIM00085766,2014-11-06,TMAX,169
CIM00085766,2008-02-27,TMIN,94
CIM00085766,2015-10-28,TMAX,199
CIM00085766,2014-10-12,TMIN,3
CIM00085766,2015-11-25,TMIN,87
CIM00085766,2013-11-15,TMIN,47
CIM00085766,2012-01-19,TMIN,101
CIM00085766,2015-08-23,TMAX,137
CIM00085766,2015-11-25,TMAX,176
CIM00085766,2015-08-23,TMIN,68
CIM00085766,2012-08-23,TMAX,110
CIM00085766,2015-03-25,TMIN,54
CIM00085766,2005-11-14,TMIN,107
CIM00085766,2015-03-25,TMAX,312
CIM00085766,2007-08-18,TMAX,148
CIM00085766,2012-07-10,TMAX,102
CIM00085766,2015-06-17,TMIN,-14
CIM00085766,2006-11-16,TMIN,9
CIM00085766,2015-08-11,TMIN,10
CIM00085766,2011-02-25,TMIN,78
CIM00085766,2014-02-13,TMIN,51
CIM00085766,2015-06-17,TMAX,134
CIM00085766,2015-10-28,TMIN,66
CIM00085766,2014-04-19,TMIN,46
CIM00085766,2008-01-18,TMIN,63
CIM00085766,2008-01-16,TMIN,92
CIM00085766,2013-04-21,TMIN,134
CIM00085766,2015-11-03,TMIN,34
CIM00085766,2012-03-12,TMIN,82
CIM00085766,2007-09-18,TMAX,139
CIM00085766,2012-09-05,TMIN,31
CIM00085766,2005-11-13,TMIN,48
CIM00085766,2015-06-07,TMIN,63
CIM00085766,2010-05-04,TMIN,87
CIM00085766,2011-01-03,TMIN,150
CIM00085766,2014-01-31,TMIN,118
CIM00085766,2013-11-24,TMIN,56
CIM00085766,2015-06-02,TMIN,135
CIM00085766,2015-03-31,TMAX,193
CIM00085766,2011-11-07,TMIN,89
CIM00085766,2007-01-11,TMIN,50
CIM00085766,2015-03-31,TMIN,33
CIM00085766,2015-11-11,TMAX,219
CIM00085766,2015-11-11,TMIN,39
CIM00085766,2013-03-03,TMIN,82
CIM00085766,2007-12-06,TMIN,105
CIM00085766,2013-02-10,TMIN,163
CIM00085766,2012-01-13,TMIN,114
CIM00085766,2009-01-10,TMIN,69
CIM00085766,2011-12-14,TMIN,86
CIM00085766,2014-01-31,TMAX,221
CIM00085766,2015-10-15,TMAX,137
CIM00085766,2005-01-06,TMIN,58
CIM00085766,2005-08-27,TMAX,134
CIM00085766,2010-05-25,TMIN,28
CIM00085766,2009-12-27,TMIN,80
CIM00085766,2014-11-13,TMIN,51
CIM00085766,2014-06-18,TMAX,111
CIM00085766,2014-03-21,TMIN,42
CIM00085766,2011-01-06,TMIN,90
CIM00085766,2013-02-05,TMIN,95
CIM00085766,2013-10-18,TMIN,38
CIM00085766,2014-04-24,TMIN,36
CIM00085766,2009-11-05,TMIN,75
CIM00085766,2008-11-25,TMIN,60
CIM00085766,2008-11-26,TMIN,77
CIM00085766,2014-06-17,TMIN,-20
CIM00085766,2014-04-17,TMIN,37
CIM00085766,2013-09-21,TMIN,-1
CIM00085766,2007-11-20,TMIN,63
CIM00085766,2007-01-21,TMAX,243
CIM00085766,2007-11-27,TMIN,45
CIM00085766,2007-01-21,TMIN,115
CIM00085766,2007-01-11,TMAX,208
CIM00085766,2007-03-09,TMIN,122
CIM00085766,2012-04-15,TMIN,73
CIM00085766,2005-01-27,TMIN,102
CIM00085766,2014-12-29,TMAX,215
CIM00085766,2007-11-07,TMIN,52
CIM00085766,2012-10-26,TMIN,97
CIM00085766,2012-11-28,TMIN,73
CIM00085766,2015-06-06,TMIN,93
CIM00085766,2011-04-08,TMIN,34
CIM00085766,2014-12-10,TMIN,44
CIM00085766,2011-02-23,TMIN,89
CIM00085766,2013-02-21,TMAX,240
CIM00085766,2012-03-05,TMIN,102
CIM00085766,2011-04-29,TMIN,17
CIM00085766,2015-04-12,TMIN,83
CIM00085766,2013-09-06,TMIN,104
CIM00085766,2014-12-10,TMAX,220
CIM00085766,2014-09-24,TMAX,136
CIM00085766,2008-03-04,TMIN,95
CIM00085766,2012-11-30,TMIN,116
CIM00085766,2013-01-05,TMIN,93
CIM00085766,2015-12-02,TMIN,84
CIM00085766,2015-03-28,TMIN,68
CIM00085766,2012-04-05,TMIN,27
CIM00085766,2015-04-12,TMAX,217
CIM00085766,2005-12-19,TMIN,126
CIM00085766,2005-11-16,TMIN,138
CIM00085766,2012-10-15,TMIN,47
CIM00085766,2014-04-03,TMAX,223
CIM00085766,2011-11-01,TMIN,106
CIM00085766,2013-03-14,TMIN,17
CIM00085766,2015-03-28,TMAX,264
CIM00085766,2014-10-01,TMIN,9
CIM00085766,2014-04-13,TMIN,-3
CIM00085766,2015-04-15,TMAX,165
CIM00085766,2014-07-24,TMIN,22
CIM00085766,2008-12-02,TMIN,105
CIM00085766,2014-07-24,TMAX,101
CIM00085766,2015-04-15,TMIN,54
CIM00085766,2015-03-19,TMAX,240
CIM00085766,2008-04-25,TMAX,162
CIM00085766,2009-11-14,TMIN,30
CIM00085766,2010-01-28,TMIN,115
CIM00085766,2015-03-19,TMIN,41
CIM00085766,2006-04-21,TMAX,150
CIM00085766,2013-01-14,TMIN,121
CIM00085766,2012-04-17,TMIN,101
CIM00085766,2009-11-27,TMIN,80
CIM00085766,2015-04-16,TMIN,57
CIM00085766,2014-03-10,TMIN,79
CIM00085766,2011-11-19,TMIN,26
CIM00085766,2015-03-23,TMIN,33
CIM00085766,2014-01-01,TMIN,77
CIM00085766,2013-02-21,TMIN,96
CIM00085766,2010-01-23,TMIN,82
CIM00085766,2011-02-14,TMIN,68
CIM00085766,2014-03-08,TMIN,61
CIM00085766,2013-11-11,TMIN,109
CIM00085766,2009-11-15,TMIN,30
CIM00085766,2007-01-03,TMIN,55
CIM00085766,2010-02-03,TMIN,77
CIM00085766,2014-12-18,TMAX,229
CIM00085766,2008-11-15,TMIN,31
CIM00085766,2008-10-17,TMIN,19
CIM00085766,2005-01-25,TMIN,52
CIM00085766,2011-10-27,TMIN,53
CIM00085766,2015-09-22,TMIN,36
CIM00085766,2011-08-23,TMIN,63
CIM00085766,2015-09-22,TMAX,168
CIM00085766,2013-03-15,TMIN,21
CIM00085766,2014-12-18,TMIN,46
CIM00085766,2008-10-30,TMIN,36
CIM00085766,2013-08-22,TMAX,108
CIM00085766,2014-11-15,TMIN,61
CIM00085766,2006-11-26,TMIN,74
CIM00085766,2010-05-03,TMIN,118
CIM00085766,2014-08-03,TMAX,137
CIM00085766,2014-08-03,TMIN,39
CIM00085766,2015-04-10,TMIN,76
CIM00085766,2015-01-08,TMAX,260
CIM00085766,2015-01-08,TMIN,45
CIM00085766,2014-09-04,TMIN,26
CIM00085766,2010-02-09,TMIN,140
CIM00085766,2014-07-06,TMIN,49
CIM00085766,2013-03-02,TMIN,86
CIM00085766,2015-12-14,TMIN,26
CIM00085766,2015-06-08,TMIN,78
CIM00085766,2014-06-20,TMAX,134
CIM00085766,2014-11-24,TMIN,78
CIM00085766,2014-06-20,TMIN,39
CIM00085766,2014-09-18,TMAX,174
CIM00085766,2008-02-21,TMIN,114
CIM00085766,2013-03-07,TMIN,87
CIM00085766,2006-03-03,TMIN,62
CIM00085766,2011-12-07,TMIN,110
CIM00085766,2014-01-24,TMIN,31
CIM00085766,2015-06-21,TMIN,56
CIM00085766,2014-04-03,TMIN,79
CIM00085766,2014-01-09,TMIN,116
CIM00085766,2009-02-08,TMIN,65
CIM00085766,2015-11-27,TMIN,68
CIM00085766,2008-02-11,TMIN,114
CIM00085766,2014-03-02,TMIN,48
CIM00085766,2007-02-22,TMIN,106
CIM00085766,2011-02-15,TMIN,105
CIM00085766,2012-03-24,TMIN,105
CIM00085766,2011-12-13,TMIN,78
CIM00085766,2012-12-11,TMIN,68
CIM00085766,2012-02-25,TMIN,116
CIM00085766,2015-08-12,TMIN,8
CIM00085766,2009-11-21,TMIN,72
CIM00085766,2010-05-11,TMIN,48
CIM00085766,2006-01-22,TMIN,64
CIM00085766,2007-09-07,TMAX,145
CIM00085766,2005-01-01,TMIN,157
CIM00085766,2005-12-06,TMIN,24
CIM00085766,2013-10-02,TMIN,1
CIM00085766,2015-04-06,TMIN,107
CIM00085766,2012-01-07,TMIN,139
CIM00085766,2014-03-27,TMIN,51
CIM00085766,2012-12-28,TMIN,80
CIM00085766,2007-01-22,TMAX,206
CIM00085766,2007-03-10,TMIN,136
CIM00085766,2014-02-19,TMIN,98
CIM00085766,2012-03-28,TMIN,55
CIM00085766,2013-04-05,TMIN,87
CIM00085766,2007-10-11,TMAX,192
CIM00085766,2012-10-29,TMIN,23
CIM00085766,2012-02-05,TMIN,49
CIM00085766,2015-10-16,TMIN,4
CIM00085766,2014-08-04,TMAX,126
CIM00085766,2010-01-20,TMIN,133
CIM00085766,2015-03-15,TMIN,36
CIM00085766,2009-03-12,TMIN,114
CIM00085766,2015-08-28,TMIN,110
CIM00085766,2013-01-01,TMIN,67
CIM00085766,2014-08-12,TMIN,-10
CIM00085766,2015-04-19,TMIN,53
CIM00085766,2014-08-12,TMAX,120
CIM00085766,2006-11-25,TMIN,57
CIM00085766,2014-10-18,TMIN,100
CIM00085766,2013-04-04,TMIN,58
CIM00085766,2011-03-15,TMIN,84
CIM00085766,2012-05-12,TMAX,124
CIM00085766,2013-02-07,TMIN,114
CIM00085766,2010-11-24,TMIN,97
CIM00085766,2010-10-15,TMIN,55
CIM00085766,2013-12-26,TMIN,111
CIM00085766,2013-01-06,TMIN,121
CIM00085766,2011-10-13,TMIN,6
CIM00085766,2014-04-23,TMIN,85
CIM00085766,2015-04-24,TMIN,35
CIM00085766,2013-09-23,TMIN,-10
CIM00085766,2011-09-13,TMIN,1
CIM00085766,2012-10-09,TMIN,88
CIM00085766,2013-11-16,TMIN,53
CIM00085766,2008-06-07,TMAX,135
CIM00085766,2007-10-19,TMIN,99
CIM00085766,2007-02-27,TMIN,57
CIM00085766,2007-02-08,TMIN,50
CIM00085766,2008-02-09,TMAX,234
CIM00085766,2010-10-31,TMIN,102
CIM00085766,2010-01-24,TMIN,98
CIM00085766,2014-08-04,TMIN,-3
CIM00085766,2011-10-16,TMIN,38
CIM00085766,2008-10-31,TMIN,46
CIM00085766,2014-03-11,TMIN,136
CIM00085766,2012-03-17,TMIN,149
CIM00085766,2010-12-19,TMIN,88
CIM00085766,2011-09-05,TMIN,58
CIM00085766,2008-03-05,TMIN,90
CIM00085766,2014-01-29,TMIN,69
CIM00085766,2010-10-30,TMIN,77
CIM00085766,2010-02-20,TMIN,52
CIM00085766,2013-03-24,TMIN,116
CIM00085766,2013-11-29,TMIN,33
CIM00085766,2011-09-15,TMIN,56
CIM00085766,2015-10-19,TMIN,21
CIM00085766,2013-10-31,TMAX,182
CIM00085766,2008-10-13,TMIN,50
CIM00085766,2009-01-25,TMIN,30
CIM00085766,2013-10-07,TMIN,12
CIM00085766,2015-06-03,TMIN,101
CIM00085766,2012-11-11,TMIN,36
CIM00085766,2009-03-05,TMIN,104
CIM00085766,2005-02-08,TMIN,122
CIM00085766,2007-09-10,TMAX,151
CIM00085766,2013-03-31,TMIN,50
CIM00085766,2013-09-30,TMIN,2
CIM00085766,2006-11-30,TMIN,42
CIM00085766,2014-04-12,TMIN,9
CIM00085766,2015-06-28,TMIN,-17
CIM00085766,2015-10-11,TMIN,-3
CIM00085766,2012-11-26,TMIN,59
CIM00085766,2010-02-22,TMIN,62
CIM00085766,2011-10-12,TMIN,43
CIM00085766,2012-04-10,TMIN,54
CIM00085766,2011-10-26,TMIN,27
CIM00085766,2010-02-14,TMIN,76
CIM00085766,2015-06-09,TMIN,26
CIM00085766,2010-03-20,TMIN,90
CIM00085766,2014-09-15,TMIN,0
CIM00085766,2008-03-24,TMIN,109
CIM00085766,2008-03-11,TMIN,58
CIM00085766,2007-10-26,TMIN,100
CIM00085766,2015-06-09,TMAX,144
CIM00085766,2008-11-13,TMIN,41
CIM00085766,2007-09-12,TMAX,150
CIM00085766,2006-11-14,TMIN,100
CIM00085766,2015-01-04,TMIN,91
CIM00085766,2013-12-15,TMIN,95
CIM00085766,2005-03-08,TMIN,42
CIM00085766,2012-04-04,TMIN,110
CIM00085766,2012-04-08,TMIN,41
CIM00085766,2009-11-01,TMIN,20
CIM00085766,2007-10-04,TMAX,162
CIM00085766,2015-06-28,TMAX,113
CIM00085766,2015-08-06,TMIN,90
CIM00085766,2015-11-01,TMIN,69
CIM00085766,2014-07-25,TMIN,68
CIM00085766,2011-03-04,TMIN,68
CIM00085766,2014-10-15,TMAX,221
CIM00085766,2015-10-04,TMAX,183
CIM00085766,2015-07-04,TMIN,26
CIM00085766,2007-01-14,TMIN,84
CIM00085766,2014-06-23,TMAX,121
CIM00085766,2008-03-27,TMIN,27
CIM00085766,2011-11-09,TMIN,66
CIM00085766,2014-03-19,TMIN,53
CIM00085766,2006-11-02,TMIN,107
CIM00085766,2015-03-06,TMIN,106
CIM00085766,2012-10-08,TMIN,3
CIM00085766,2015-05-11,TMIN,107
CIM00085766,2012-01-26,TMIN,66
CIM00085766,2014-08-19,TMAX,166
CIM00085766,2010-12-11,TMIN,45
CIM00085766,2007-01-19,TMIN,87
CIM00085766,2007-12-04,TMIN,15
CIM00085766,2010-07-01,TMAX,117
CIM00085766,2010-07-28,TMAX,122
CIM00085766,2011-02-05,TMIN,66
CIM00085766,2012-09-06,TMIN,4
CIM00085766,2005-03-02,TMIN,127
CIM00085766,2015-03-06,TMAX,252
CIM00085766,2014-10-15,TMIN,18
CIM00085766,2012-02-13,TMIN,42
CIM00085766,2014-12-26,TMIN,45
CIM00085766,2011-12-31,TMIN,111
CIM00085766,2012-03-14,TMIN,61
CIM00085766,2015-05-13,TMAX,175
CIM00085766,2014-04-14,TMIN,82
CIM00085766,2014-03-22,TMIN,49
CIM00085766,2011-04-02,TMIN,19
CIM00085766,2015-05-13,TMIN,79
CIM00085766,2012-02-03,TMIN,58
CIM00085766,2005-02-03,TMIN,93
CIM00085766,2008-11-11,TMIN,67
CIM00085766,2014-07-28,TMIN,100
CIM00085766,2010-10-25,TMIN,41
CIM00085766,2015-04-11,TMAX,224
CIM00085766,2011-01-27,TMIN,105
CIM00085766,2006-01-05,TMIN,150
CIM00085766,2012-03-15,TMIN,72
CIM00085766,2015-10-04,TMIN,108
CIM00085766,2012-10-16,TMIN,30
CIM00085766,2005-11-08,TMIN,48
CIM00085766,2012-01-16,TMIN,107
CIM00085766,2006-11-11,TMIN,120
CIM00085766,2006-10-23,TMIN,126
CIM00085766,2015-09-15,TMIN,40
CIM00085766,2009-12-20,TMIN,37
CIM00085766,2005-12-03,TMIN,104
CIM00085766,2015-09-15,TMAX,121
CIM00085766,2015-05-20,TMAX,175
CIM00085766,2012-07-13,TMAX,118
CIM00085766,2014-01-03,TMIN,24
CIM00085766,2011-01-14,TMIN,61
CIM00085766,2006-10-20,TMIN,47
CIM00085766,2011-09-16,TMIN,56
CIM00085766,2005-11-24,TMIN,105
CIM00085766,2011-12-28,TMIN,94
CIM00085766,2008-12-30,TMIN,93
CIM00085766,2015-08-17,TMIN,25
CIM00085766,2014-10-02,TMAX,207
CIM00085766,2010-03-30,TMIN,102
CIM00085766,2015-08-17,TMAX,118
CIM00085766,2014-12-09,TMIN,88
CIM00085766,2015-05-31,TMIN,95
CIM00085766,2014-12-09,TMAX,235
CIM00085766,2006-11-19,TMIN,33
CIM00085766,2012-12-01,TMIN,124
CIM00085766,2009-11-23,TMIN,66
CIM00085766,2010-03-04,TMIN,102
CIM00085766,2006-03-01,TMIN,122
CIM00085766,2007-12-03,TMIN,84
CIM00085766,2013-01-26,TMIN,66
CIM00085766,2005-02-09,TMIN,106
CIM00085766,2008-10-26,TMIN,49
CIM00085766,2012-09-29,TMIN,88
CIM00085766,2006-12-05,TMIN,47
CIM00085766,2013-12-30,TMIN,125
CIM00085766,2011-01-31,TMIN,67
CIM00085766,2007-09-08,TMAX,125
CIM00085766,2014-07-27,TMIN,88
CIM00085766,2015-12-07,TMIN,98
CIM00085766,2012-02-29,TMIN,81
CIM00085766,2005-12-26,TMIN,81
CIM00085766,2007-01-19,TMAX,266
CIM00085766,2015-08-08,TMIN,46
CIM00085766,2015-08-08,TMAX,109
CIM00085766,2006-12-24,TMIN,65
CIM00085766,2008-11-02,TMIN,5
CIM00085766,2013-10-01,TMIN,45
CIM00085766,2009-12-13,TMIN,102
CIM00085766,2008-10-29,TMIN,24
CIM00085766,2015-11-14,TMIN,58
CIM00085766,2015-11-14,TMAX,198
CIM00085766,2007-10-25,TMIN,100
CIM00085766,2012-11-23,TMIN,22
CIM00085766,2007-02-13,TMIN,122
CIM00085766,2014-07-21,TMIN,10
CIM00085766,2014-04-07,TMIN,92
CIM00085766,2015-05-18,TMIN,114
CIM00085766,2015-07-24,TMAX,153
CIM00085766,2014-02-04,TMIN,97
CIM00085766,2012-10-10,TMIN,57
CIM00085766,2010-04-02,TMIN,64
CIM00085766,2012-06-03,TMAX,136
CIM00085766,2013-01-10,TMIN,111
CIM00085766,2014-12-27,TMIN,97
CIM00085766,2015-09-27,TMAX,125
CIM00085766,2015-09-27,TMIN,95
CIM00085766,2015-01-01,TMIN,31
CIM00085766,2013-12-25,TMIN,59
CIM00085766,2013-12-10,TMIN,89
CIM00085766,2009-03-03,TMIN,36
CIM00085766,2011-09-25,TMIN,58
CIM00085766,2013-10-04,TMIN,101
CIM00085766,2014-12-25,TMAX,227
CIM00085766,2011-10-17,TMIN,26
CIM00085766,2015-09-04,TMIN,0
CIM00085766,2006-03-05,TMIN,59
CIM00085766,2011-02-13,TMIN,72
CIM00085766,2014-04-18,TMIN,32
CIM00085766,2013-01-22,TMIN,154
CIM00085766,2014-07-11,TMIN,9
CIM00085766,2012-09-28,TMIN,40
CIM00085766,2009-02-05,TMIN,94
CIM00085766,2014-12-25,TMIN,27
CIM00085766,2015-03-27,TMIN,90
CIM00085766,2015-03-27,TMAX,273
CIM00085766,2007-10-16,TMIN,102
CIM00085766,2014-03-23,TMIN,64
CIM00085766,2015-01-07,TMIN,102
CIM00085766,2009-01-20,TMIN,120
CIM00085766,2015-04-26,TMIN,93
CIM00085766,2015-04-01,TMIN,61
CIM00085766,2015-04-01,TMAX,198
CIM00085766,2006-12-08,TMIN,136
CIM00085766,2009-01-07,TMIN,40
CIM00085766,2013-04-08,TMIN,37
CIM00085766,2015-04-26,TMAX,202
CIM00085766,2015-03-14,TMAX,211
CIM00085766,2013-03-06,TMIN,76
CIM00085766,2006-03-06,TMIN,118
CIM00085766,2013-10-04,TMAX,152
CIM00085766,2014-08-15,TMIN,9
CIM00085766,2015-01-15,TMIN,63
CIM00085766,2015-03-14,TMIN,14
CIM00085766,2007-02-20,TMIN,52
CIM00085766,2012-12-06,TMIN,111
CIM00085766,2011-10-05,TMIN,98
CIM00085766,2010-03-14,TMIN,43
CIM00085766,2008-10-28,TMIN,75
CIM00085766,2007-05-16,TMAX,126
CIM00085766,2007-02-17,TMIN,46
CIM00085766,2005-10-23,TMIN,40
CIM00085766,2014-04-21,TMIN,115
CIM00085766,2005-12-09,TMIN,62
CIM00085766,2015-03-30,TMAX,201
CIM00085766,2014-02-05,TMIN,67
CIM00085766,2014-01-27,TMIN,82
CIM00085766,2013-01-30,TMIN,95
CIM00085766,2006-11-03,TMIN,12
CIM00085766,2011-12-09,TMIN,70
CIM00085766,2010-02-18,TMIN,138
CIM00085766,2015-02-13,TMIN,94
CIM00085766,2015-12-26,TMIN,38
CIM00085766,2015-10-24,TMIN,99
CIM00085766,2013-12-05,TMIN,61
CIM00085766,2009-12-10,TMIN,72
CIM00085766,2013-11-05,TMIN,72
CIM00085766,2009-12-09,TMIN,103
CIM00085766,2013-04-26,TMIN,73
CIM00085766,2015-02-12,TMIN,110
CIM00085766,2006-03-10,TMIN,36
CIM00085766,2015-07-26,TMIN,117
CIM00085766,2015-08-19,TMIN,13
CIM00085766,2015-09-17,TMIN,-15
CIM00085766,2015-07-24,TMIN,70
CIM00085766,2010-11-05,TMIN,79
CIM00085766,2010-11-30,TMIN,38
CIM00085766,2014-02-07,TMIN,139
CIM00085766,2014-01-19,TMIN,96
CIM00085766,2006-10-27,TMIN,92
CIM00085766,2007-02-18,TMIN,98
CIM00085766,2014-07-11,TMAX,106
CIM00085766,2010-05-29,TMIN,7
CIM00085766,2014-12-11,TMIN,37
CIM00085766,2011-03-13,TMIN,38
CIM00085766,2009-12-29,TMIN,97
CIM00085766,2005-01-04,TMIN,122
CIM00085766,2008-11-09,TMIN,92
CIM00085766,2008-11-03,TMIN,28
CIM00085766,2009-03-08,TMIN,86
CIM00085766,2014-10-28,TMAX,164
CIM00085766,2014-10-28,TMIN,115
CIM00085766,2015-03-04,TMIN,23
CIM00085766,2014-12-11,TMAX,218
CIM00085766,2010-12-18,TMIN,30
CIM00085766,2014-11-14,TMIN,57
CIM00085766,2014-10-07,TMAX,186
CIM00085766,2013-03-05,TMIN,81
CIM00085766,2010-03-11,TMIN,95
CIM00085766,2014-01-08,TMIN,51
CIM00085766,2012-09-11,TMIN,4
CIM00085766,2005-10-31,TMIN,59
CIM00085766,2012-03-21,TMIN,67
CIM00085766,2009-11-09,TMIN,41
CIM00085766,2008-03-22,TMIN,58
CIM00085766,2015-08-31,TMAX,141
CIM00085766,2015-02-24,TMIN,60
CIM00085766,2015-06-14,TMIN,18
CIM00085766,2015-01-13,TMIN,72
CIM00085766,2007-12-05,TMAX,169
CIM00085766,2015-09-26,TMAX,138
CIM00085766,2010-01-17,TMIN,122
CIM00085766,2011-01-25,TMIN,116
CIM00085766,2011-11-05,TMIN,23
CIM00085766,2012-09-20,TMIN,42
CIM00085766,2013-12-21,TMIN,85
CIM00085766,2011-12-15,TMIN,111
CIM00085766,2009-03-04,TMIN,27
CIM00085766,2005-07-26,TMAX,74
CIM00085766,2010-01-31,TMIN,25
CIM00085766,2008-04-24,TMAX,148
CIM00085766,2008-02-03,TMIN,118
CIM00085766,2007-09-20,TMAX,122
CIM00085766,2012-11-20,TMIN,49
CIM00085766,2011-09-03,TMIN,49
CIM00085766,2009-01-30,TMIN,134
CIM00085766,2008-02-24,TMIN,84
CIM00085766,2012-11-01,TMIN,32
CIM00085766,2012-01-28,TMIN,151
CIM00085766,2014-07-05,TMIN,8
CIM00085766,2015-11-21,TMIN,96
CIM00085766,2014-09-14,TMAX,167
CIM00085766,2011-10-14,TMIN,56
CIM00085766,2009-12-04,TMIN,45
CIM00085766,2005-12-27,TMIN,130
CIM00085766,2011-10-25,TMIN,46
CIM00085766,2014-08-27,TMIN,25
CIM00085766,2014-09-07,TMIN,79
CIM00085766,2011-01-28,TMIN,54
CIM00085766,2013-04-13,TMIN,19
CIM00085766,2012-12-30,TMIN,112
CIM00085766,2014-08-07,TMIN,11
CIM00085766,2012-12-03,TMIN,124
CIM00085766,2011-10-20,TMIN,98
CIM00085766,2012-10-24,TMIN,48
CIM00085766,2011-02-27,TMIN,61
CIM00085766,2015-09-16,TMIN,-32
CIM00085766,2015-04-04,TMAX,177
CIM00085766,2012-01-14,TMIN,125
CIM00085766,2015-05-22,TMIN,69
CIM00085766,2015-06-22,TMIN,-25
CIM00085766,2008-01-15,TMIN,136
CIM00085766,2014-02-22,TMIN,64
CIM00085766,2008-02-10,TMIN,94
CIM00085766,2014-08-27,TMAX,156
CIM00085766,2013-10-06,TMIN,10
CIM00085766,2005-12-24,TMIN,64
CIM00085766,2015-09-26,TMIN,28
CIM00085766,2011-08-22,TMIN,4
CIM00085766,2015-01-13,TMAX,240
CIM00085766,2014-04-08,TMIN,94
CIM00085766,2014-11-29,TMIN,55
CIM00085766,2015-05-10,TMAX,165
CIM00085766,2008-02-02,TMIN,121
CIM00085766,2015-04-04,TMIN,135
CIM00085766,2007-01-20,TMAX,236
CIM00085766,2012-06-24,TMAX,133
CIM00085766,2015-05-23,TMAX,141
CIM00085766,2008-03-09,TMIN,46
CIM00085766,2012-02-17,TMIN,167
CIM00085766,2013-02-16,TMIN,126
CIM00085766,2014-12-05,TMAX,259
CIM00085766,2013-02-24,TMIN,138
CIM00085766,2007-12-05,TMIN,69
CIM00085766,2008-07-09,TMIN,25
CIM00085766,2008-07-09,TMAX,112
CIM00085766,2008-10-14,TMIN,26
CIM00085766,2013-01-08,TMIN,89
CIM00085766,2005-01-19,TMIN,113
CIM00085766,2008-01-17,TMIN,80
CIM00085766,2014-01-11,TMIN,71
CIM00085766,2009-01-23,TMIN,84
CIM00085766,2013-10-25,TMIN,21
CIM00085766,2010-03-25,TMIN,80
CIM00085766,2015-06-15,TMIN,68
CIM00085766,2014-02-20,TMIN,79
CIM00085766,2015-09-06,TMAX,170
CIM00085766,2007-01-07,TMAX,262
CIM00085766,2015-01-06,TMIN,53
CIM00085766,2015-01-06,TMAX,246
CIM00085766,2005-01-26,TMIN,54
CIM00085766,2015-07-07,TMAX,128
CIM00085766,2015-08-01,TMIN,76
CIM00085766,2014-08-02,TMAX,144
CIM00085766,2008-04-02,TMIN,15
CIM00085766,2011-11-28,TMIN,124
CIM00085766,2015-07-03,TMIN,25
CIM00085766,2015-02-20,TMIN,69
CIM00085766,2015-09-09,TMIN,7
CIM00085766,2009-12-14,TMIN,63
CIM00085766,2015-03-16,TMAX,233
CIM00085766,2005-11-03,TMIN,52
CIM00085766,2014-09-14,TMIN,-4
CIM00085766,2006-12-23,TMIN,130
CIM00085766,2010-01-04,TMIN,142
CIM00085766,2012-10-17,TMIN,32
CIM00085766,2011-11-10,TMIN,27
CIM00085766,2013-02-22,TMIN,74
CIM00085766,2015-11-02,TMAX,214
CIM00085766,2010-01-01,TMIN,118
CIM00085766,2015-09-08,TMAX,129
CIM00085766,2005-03-04,TMIN,133
CIM00085766,2009-12-03,TMIN,54
CIM00085766,2010-03-03,TMIN,132
CIM00085766,2012-09-19,TMIN,49
CIM00085766,2012-12-07,TMIN,95
CIM00085766,2012-10-28,TMIN,4
CIM00085766,2005-03-09,TMIN,39
CIM00085766,2010-02-13,TMIN,142
CIM00085766,2011-04-30,TMIN,17
CIM00085766,2011-07-18,TMAX,72
CIM00085766,2007-02-15,TMIN,114
CIM00085766,2012-02-17,TMAX,227
CIM00085766,2014-12-05,TMIN,80
CIM00085766,2015-05-22,TMAX,159
CIM00085766,2010-04-03,TMIN,47
CIM00085766,2012-09-19,TMAX,133
CIM00085766,2015-02-01,TMIN,75
CIM00085766,2007-12-27,TMIN,99
CIM00085766,2010-02-02,TMIN,52
CIM00085766,2015-09-03,TMIN,0
CIM00085766,2007-01-04,TMAX,232
CIM00085766,2014-07-05,TMAX,105
CIM00085766,2008-11-24,TMIN,47
CIM00085766,2012-04-20,TMIN,68
CIM00085766,2009-11-02,TMIN,30
CIM00085766,2015-11-05,TMIN,63
CIM00085766,2007-02-19,TMIN,106
CIM00085766,2009-12-07,TMIN,77
CIM00085766,2012-01-18,TMIN,86
CIM00085766,2010-01-15,TMIN,80
CIM00085766,2015-12-18,TMAX,184
CIM00085766,2011-10-01,TMIN,64
CIM00085766,2015-06-18,TMAX,93
CIM00085766,2006-03-02,TMIN,64
CIM00085766,2015-09-25,TMAX,144
CIM00085766,2007-01-27,TMIN,65
CIM00085766,2010-12-20,TMIN,87
CIM00085766,2015-11-12,TMAX,207
CIM00085766,2008-02-13,TMIN,70
CIM00085766,2015-01-03,TMIN,80
CIM00085766,2014-11-01,TMIN,17
CIM00085766,2015-11-23,TMIN,69
CIM00085766,2005-01-10,TMIN,55
CIM00085766,2012-11-16,TMIN,92
CIM00085766,2014-08-22,TMAX,131
CIM00085766,2014-03-12,TMIN,140
CIM00085766,2010-11-13,TMIN,74
CIM00085766,2012-03-04,TMIN,165
CIM00085766,2015-07-03,TMAX,135
CIM00085766,2010-05-16,TMIN,-33
CIM00085766,2015-06-18,TMIN,-25
CIM00085766,2012-04-16,TMIN,64
CIM00085766,2013-04-12,TMAX,140
CIM00085766,2014-08-06,TMAX,142
CIM00085766,2005-03-10,TMIN,120
CIM00085766,2008-02-15,TMIN,54
CIM00085766,2014-08-28,TMIN,68
CIM00085766,2014-06-25,TMAX,60
CIM00085766,2013-02-23,TMIN,127
CIM00085766,2014-12-06,TMAX,207
CIM00085766,2015-11-09,TMIN,95
CIM00085766,2006-01-20,TMIN,43
CIM00085766,2010-03-26,TMIN,66
CIM00085766,2013-11-17,TMIN,48
CIM00085766,2009-02-26,TMIN,106
CIM00085766,2014-06-25,TMIN,9
CIM00085766,2010-01-14,TMIN,63
CIM00085766,2013-09-15,TMIN,17
CIM00085766,2014-10-09,TMAX,150
CIM00085766,2013-04-12,TMIN,9
CIM00085766,2013-12-02,TMIN,76
CIM00085766,2014-08-06,TMIN,73
CIM00085766,2005-11-10,TMIN,90
CIM00085766,2013-06-01,TMAX,143
CIM00085766,2015-01-25,TMIN,101
CIM00085766,2008-11-28,TMIN,110
CIM00085766,2010-05-13,TMIN,-15
CIM00085766,2015-06-07,TMAX,147
CIM00085766,2015-11-12,TMIN,94
CIM00085766,2008-01-02,TMIN,90
CIM00085766,2014-04-20,TMIN,47
CIM00085766,2011-09-06,TMIN,55
CIM00085766,2015-06-29,TMIN,9
CIM00085766,2011-02-11,TMIN,132
CIM00085766,2013-04-09,TMIN,47
CIM00085766,2010-03-02,TMIN,148
CIM00085766,2013-04-15,TMIN,81
CIM00085766,2009-01-13,TMIN,120
CIM00085766,2014-08-10,TMIN,12
CIM00085766,2014-08-10,TMAX,100
CIM00085766,2015-06-22,TMAX,114
CIM00085766,2014-01-06,TMIN,63
CIM00085766,2015-01-17,TMIN,133
CIM00085766,2014-11-11,TMIN,91
CIM00085766,2005-01-12,TMIN,59
CIM00085766,2014-12-03,TMIN,40
CIM00085766,2014-09-20,TMIN,85
CIM00085766,2005-11-15,TMIN,76
CIM00085766,2014-03-28,TMIN,102
CIM00085766,2005-11-19,TMIN,100
CIM00085766,2007-12-28,TMIN,126
CIM00085766,2011-09-14,TMIN,11
CIM00085766,2009-02-01,TMIN,54
CIM00085766,2011-10-04,TMIN,32
CIM00085766,2009-12-01,TMIN,100
CIM00085766,2013-12-20,TMIN,75
CIM00085766,2015-02-21,TMIN,61
CIM00085766,2005-03-03,TMIN,160
CIM00085766,2012-04-22,TMIN,8
CIM00085766,2015-02-21,TMAX,260
CIM00085766,2007-10-29,TMIN,83
CIM00085766,2005-10-25,TMIN,2
CIM00085766,2014-09-20,TMAX,150
CIM00085766,2007-09-16,TMAX,186
CIM00085766,2005-11-09,TMIN,39
CIM00085766,2014-08-21,TMIN,100
CIM00085766,2012-09-26,TMIN,31
CIM00085766,2012-02-15,TMIN,55
CIM00085766,2007-03-06,TMIN,117
CIM00085766,2010-03-21,TMIN,95
CIM00085766,2014-12-06,TMIN,108
CIM00085766,2013-01-20,TMIN,147
CIM00085766,2014-02-17,TMIN,70
CIM00085766,2011-09-10,TMIN,42
CIM00085766,2015-07-28,TMAX,151
CIM00085766,2014-11-07,TMAX,166
CIM00085766,2015-10-26,TMAX,172
CIM00085766,2014-05-16,TMAX,172
CIM00085766,2015-09-29,TMIN,73
CIM00085766,2010-04-24,TMAX,130
CIM00085766,2014-11-07,TMIN,66
CIM00085766,2013-04-14,TMIN,50
CIM00085766,2014-07-26,TMAX,112
CIM00085766,2009-01-02,TMIN,88
CIM00085766,2008-03-01,TMIN,122
CIM00085766,2015-09-16,TMAX,120
CIM00085766,2008-04-21,TMAX,180
CIM00085766,2013-11-12,TMIN,58
CIM00085766,2014-08-07,TMAX,125
CIM00085766,2014-07-26,TMIN,32
CIM00085766,2015-09-03,TMAX,150
CIM00085766,2015-09-29,TMAX,159
CIM00085766,2013-12-24,TMIN,102
CIM00085766,2012-10-11,TMIN,57
CIM00085766,2005-10-16,TMIN,50
CIM00085766,2009-03-10,TMIN,121
CIM00085766,2015-09-09,TMAX,112
CIM00085766,2015-08-01,TMAX,141
CIM00085766,2010-05-01,TMAX,182
CIM00085766,2015-07-07,TMIN,64
CIM00085766,2014-01-04,TMIN,103
CIM00085766,2011-04-07,TMIN,109
CIM00085766,2014-02-06,TMIN,43
CIM00085766,2006-02-27,TMIN,88
CIM00085766,2012-11-15,TMIN,82
CIM00085766,2007-01-20,TMIN,117
CIM00085766,2008-07-02,TMAX,90
CIM00085766,2013-04-27,TMIN,84
CIM00085766,2007-11-13,TMIN,45
CIM00085766,2010-01-21,TMIN,127
CIM00085766,2011-12-11,TMIN,93
CIM00085766,2008-01-11,TMIN,27
CIM00085766,2015-08-20,TMAX,163
CIM00085766,2015-08-14,TMIN,9
CIM00085766,2013-09-29,TMIN,-21
CIM00085766,2015-08-14,TMAX,159
CIM00085766,2015-08-26,TMAX,142
CIM00085766,2012-01-12,TMIN,106
CIM00085766,2008-01-24,TMIN,115
CIM00085766,2015-04-09,TMAX,205
CIM00085766,2013-05-12,TMAX,146
CIM00085766,2005-10-24,TMIN,72
CIM00085766,2013-03-20,TMIN,102
CIM00085766,2014-10-16,TMIN,114
CIM00085766,2005-12-21,TMIN,83
CIM00085766,2015-06-04,TMIN,67
CIM00085766,2012-11-12,TMIN,63
CIM00085766,2007-01-07,TMIN,84
CIM00085766,2012-09-10,TMIN,0
CIM00085766,2006-10-29,TMIN,58
CIM00085766,2015-02-16,TMAX,272
CIM00085766,2013-11-09,TMIN,96
CIM00085766,2007-02-12,TMIN,105
CIM00085766,2007-10-12,TMAX,202
CIM00085766,2005-01-13,TMIN,66
CIM00085766,2015-05-26,TMAX,124
CIM00085766,2015-02-16,TMIN,62
CIM00085766,2011-11-12,TMIN,120
CIM00085766,2012-03-01,TMIN,73
CIM00085766,2009-12-26,TMIN,128
CIM00085766,2011-08-25,TMIN,24
CIM00085766,2013-12-08,TMAX,253
CIM00085766,2014-09-09,TMIN,20
CIM00085766,2008-05-24,TMAX,160
CIM00085766,2009-01-11,TMIN,81
CIM00085766,2013-12-08,TMIN,61
CIM00085766,2012-01-25,TMIN,71
CIM00085766,2009-01-03,TMIN,85
CIM00085766,2005-01-20,TMIN,73
CIM00085766,2007-11-05,TMIN,88
CIM00085766,2009-03-11,TMIN,122
CIM00085766,2011-12-26,TMIN,99
CIM00085766,2007-01-05,TMIN,98
CIM00085766,2007-01-08,TMAX,228
CIM00085766,2014-09-27,TMAX,146
CIM00085766,2007-01-24,TMIN,89
CIM00085766,2006-12-03,TMIN,31
CIM00085766,2008-07-08,TMIN,70
CIM00085766,2009-03-14,TMIN,80
CIM00085766,2009-01-14,TMIN,74
CIM00085766,2009-11-28,TMIN,50
CIM00085766,2009-11-28,TMAX,190
CIM00085766,2015-08-05,TMAX,149
CIM00085766,2015-05-04,TMIN,84
CIM00085766,2012-07-01,TMAX,126
CIM00085766,2006-12-20,TMIN,36
CIM00085766,2011-12-27,TMIN,112
CIM00085766,2011-11-13,TMIN,73
CIM00085766,2007-01-05,TMAX,238
CIM00085766,2008-12-17,TMIN,48
CIM00085766,2015-08-20,TMIN,28
CIM00085766,2005-03-01,TMIN,138
CIM00085766,2014-11-17,TMAX,275
CIM00085766,2015-06-14,TMAX,111
CIM00085766,2015-05-26,TMIN,-2
CIM00085766,2013-02-27,TMIN,77
CIM00085766,2015-01-14,TMIN,116
CIM00085766,2005-10-13,TMIN,62
CIM00085766,2008-07-08,TMAX,112
CIM00085766,2006-10-24,TMIN,72
CIM00085766,2013-03-27,TMIN,90
CIM00085766,2007-10-31,TMIN,35
CIM00085766,2007-01-08,TMIN,92
CIM00085766,2006-12-01,TMIN,110
CIM00085766,2007-01-15,TMIN,86
CIM00085766,2008-04-15,TMAX,152
CIM00085766,2015-06-06,TMAX,164
CIM00085766,2011-10-08,TMIN,20
CIM00085766,2015-03-05,TMIN,34
CIM00085766,2005-01-15,TMIN,74
CIM00085766,2012-11-03,TMIN,99
CIM00085766,2011-02-20,TMAX,329
CIM00085766,2013-03-26,TMIN,36
CIM00085766,2008-12-31,TMIN,84
CIM00085766,2013-10-11,TMIN,40
CIM00085766,2012-03-03,TMIN,95
CIM00085766,2009-01-24,TMIN,84
CIM00085766,2014-11-05,TMIN,49
CIM00085766,2014-02-23,TMIN,64
CIM00085766,2012-10-04,TMIN,87
CIM00085766,2010-05-26,TMIN,15
CIM00085766,2012-11-24,TMIN,7
CIM00085766,2015-01-23,TMIN,73
CIM00085766,2011-11-10,TMAX,151
CIM00085766,2014-12-12,TMIN,68
CIM00085766,2014-11-05,TMAX,171
CIM00085766,2013-12-12,TMIN,89
CIM00085766,2005-11-25,TMIN,127
CIM00085766,2014-10-09,TMIN,6
CIM00085766,2008-05-21,TMAX,166
CIM00085766,2005-12-23,TMIN,108
CIM00085766,2006-10-19,TMIN,32
CIM00085766,2015-03-12,TMIN,39
CIM00085766,2010-01-02,TMIN,76
CIM00085766,2011-03-08,TMIN,73
CIM00085766,2015-11-02,TMIN,40
CIM00085766,2010-11-29,TMIN,67
CIM00085766,2013-01-28,TMIN,104
CIM00085766,2015-03-12,TMAX,263
CIM00085766,2014-06-16,TMAX,146
CIM00085766,2010-01-08,TMIN,70
CIM00085766,2009-02-27,TMIN,76
CIM00085766,2013-09-13,TMIN,-3
CIM00085766,2007-01-29,TMIN,96
CIM00085766,2007-12-14,TMIN,19
CIM00085766,2011-10-21,TMIN,78
CIM00085766,2015-01-26,TMIN,144
CIM00085766,2008-04-28,TMAX,155
CIM00085766,2015-08-30,TMAX,138
CIM00085766,2015-01-26,TMAX,278
CIM00085766,2015-07-20,TMIN,-21
CIM00085766,2007-01-29,TMAX,230
CIM00085766,2015-12-09,TMIN,61
CIM00085766,2014-06-16,TMIN,26
CIM00085766,2013-08-09,TMAX,115
CIM00085766,2008-12-24,TMIN,135
CIM00085766,2010-11-26,TMIN,97
CIM00085766,2010-12-03,TMIN,36
CIM00085766,2009-02-11,TMIN,36
CIM00085766,2013-11-19,TMIN,61
CIM00085766,2015-07-20,TMAX,94
CIM00085766,2014-01-14,TMIN,110
CIM00085766,2011-11-11,TMIN,30
CIM00085766,2013-10-26,TMIN,63
CIM00085766,2008-01-07,TMIN,115
CIM00085766,2007-01-04,TMIN,78
CIM00085766,2015-08-30,TMIN,75
CIM00085766,2015-12-09,TMAX,210
CIM00085766,2015-09-06,TMIN,50
CIM00085766,2013-12-16,TMIN,112
CIM00085766,2005-01-16,TMIN,96
